cell,uavs,runs,full_ran,full_completed,full_first_transmission_pct,full_p5_ms,full_median_ms,full_p95_ms,cached_ran,cached_completed,cached_first_transmission_pct,cached_p5_ms,cached_median_ms,cached_p95_ms,ratchet_ran,ratchet_completed,ratchet_first_transmission_pct,ratchet_p5_ms,ratchet_median_ms,ratchet_p95_ms,planned_operations_run_pct,frames_complete_pct_of_sent,frames_given_to_decoder_pct_of_sent,datagrams_delivered_pct,uplink_blocks_not_decoded_pct,uplink_blocks_given_up,uplink_sinr_db,uplink_mcs,ground_station_receive_thread_busy_pct,ground_station_longest_queue_ms,uplink_offered_mbit_s,uavs_gone_silent
downlink-heavy cell (3 of 10 slots),1,20,80,80,100.0,20.94,24.64,28.42,80,80,100.0,11.03,13.28,16.8,80,80,100.0,15.77,19.86,22.43,100.0,100.0,100.0,99.972,0.0,0,37.1,28.0,0.47,70.2,3.2,0
downlink-heavy cell (3 of 10 slots),2,20,160,160,100.0,21.1,24.27,29.87,160,160,100.0,10.63,12.89,15.58,160,160,100.0,15.44,19.4,22.54,100.0,100.0,100.0,99.937,0.0,0,37.3,28.0,0.93,70.2,6.5,0
downlink-heavy cell (3 of 10 slots),4,20,320,320,100.0,21.04,24.14,28.87,320,320,100.0,10.95,13.04,16.27,320,320,100.0,15.74,18.68,22.07,100.0,100.0,100.0,99.917,0.0,0,37.7,28.0,1.87,77.8,13.0,0
downlink-heavy cell (3 of 10 slots),8,10,320,320,100.0,20.5,24.16,30.01,320,320,100.0,10.96,12.8,16.08,320,320,100.0,14.51,18.45,22.02,100.0,100.0,100.0,99.926,0.0,0,37.3,28.0,3.62,77.9,26.0,0
downlink-heavy cell (3 of 10 slots),16,10,640,640,100.0,20.65,24.47,34.57,640,640,100.0,10.86,12.96,38.98,640,640,100.0,14.51,18.46,30.1,100.0,100.0,100.0,99.93,0.0,0,37.4,28.0,7.46,80.0,51.9,0
downlink-heavy cell (3 of 10 slots),24,5,480,480,100.0,21.14,26.39,86.57,480,480,100.0,11.04,13.58,74.72,480,480,100.0,14.92,18.89,90.45,100.0,99.97,99.03,99.925,0.0,0,37.7,28.0,11.31,80.2,77.9,0
downlink-heavy cell (3 of 10 slots),32,5,640,640,100.0,21.52,29.68,170.53,640,640,100.0,11.48,21.15,146.47,640,640,100.0,15.75,21.83,168.22,100.0,99.98,99.42,99.919,0.0,0,37.7,28.0,14.59,80.2,104.0,0
downlink-heavy cell (3 of 10 slots),48,5,530,530,70.2,40.9,495.93,2024.04,505,465,48.5,26.53,665.9,1933.04,458,458,9.6,21.03,1010.17,2646.99,51.8,74.47,5.49,77.311,0.0,0,37.7,28.0,15.47,80.1,156.0,0
downlink-heavy cell (3 of 10 slots),64,5,438,438,80.4,33.48,644.51,4539.52,359,351,12.5,17.04,1310.32,1826.06,354,277,11.3,19.68,2535.48,2932.22,30.0,56.1,2.94,58.425,0.0,0,37.6,28.0,15.3,80.2,208.2,0
uplink-heavy cell (6 of 10 slots),1,20,80,80,100.0,20.64,22.94,26.75,80,80,100.0,11.7,13.14,15.53,80,80,100.0,15.25,17.73,20.26,100.0,100.0,100.0,99.96,0.0,0,37.1,28.0,0.45,2.6,3.3,0
uplink-heavy cell (6 of 10 slots),2,20,160,160,100.0,20.91,23.35,27.06,160,160,100.0,11.63,13.58,15.26,160,160,100.0,14.37,17.61,20.12,100.0,100.0,100.0,99.93,0.0,0,37.3,28.0,0.94,75.8,6.5,0
uplink-heavy cell (6 of 10 slots),4,20,320,320,100.0,20.31,22.98,26.31,320,320,100.0,11.31,13.06,15.02,320,320,100.0,14.1,17.67,20.26,100.0,100.0,100.0,99.913,0.0,0,37.7,28.0,1.83,79.8,13.0,0
uplink-heavy cell (6 of 10 slots),8,10,320,320,100.0,20.29,23.29,27.18,320,320,100.0,11.42,12.9,15.3,320,320,100.0,14.76,17.59,20.18,100.0,100.0,100.0,99.929,0.0,0,37.3,28.0,3.65,78.3,26.0,0
uplink-heavy cell (6 of 10 slots),16,10,640,640,100.0,20.47,22.85,27.62,640,640,100.0,11.42,12.81,15.51,640,640,100.0,14.68,17.52,22.91,100.0,100.0,100.0,99.922,0.0,0,37.4,28.0,7.51,80.1,51.9,0
uplink-heavy cell (6 of 10 slots),24,5,480,480,100.0,19.99,23.53,29.99,480,480,100.0,11.32,12.9,16.82,480,480,100.0,14.7,17.56,22.6,100.0,100.0,100.0,99.942,0.0,0,37.7,28.0,10.97,80.2,77.8,0
uplink-heavy cell (6 of 10 slots),32,5,640,640,100.0,19.9,23.58,35.96,640,640,100.0,11.23,13.18,24.65,640,640,100.0,14.71,17.76,53.51,100.0,100.0,100.0,99.94,0.0,0,37.7,28.0,14.84,80.1,104.0,0
uplink-heavy cell (6 of 10 slots),48,5,960,960,100.0,20.73,25.02,82.0,960,960,100.0,11.17,14.06,66.19,960,960,100.0,14.95,19.15,93.1,100.0,100.0,99.88,99.936,0.0,0,37.7,28.0,22.29,80.2,155.9,0
uplink-heavy cell (6 of 10 slots),64,5,1280,1280,100.0,21.86,30.47,155.89,1280,1280,100.0,11.54,19.3,140.11,1280,1280,100.0,15.43,22.34,147.5,100.0,99.99,99.68,99.926,0.0,0,37.6,28.0,29.37,112.8,208.1,0
