answering_threads,uavs,runs,all_up_min_ms,all_up_median_ms,all_up_max_ms,per_uav_median_ms,per_uav_p95_ms,first_transmission_enough_pct,uavs_without_session,ground_station_longest_queue_ms,answers_repeated_from_cache
1,4,10,29.8,31.6,34.3,29.1,33.7,100.0,0,5.4,0
1,8,10,38.7,41.0,44.0,33.6,41.2,100.0,0,12.8,0
1,16,10,49.2,54.0,57.3,41.4,53.8,100.0,0,26.6,0
1,32,10,86.1,90.9,104.0,60.7,91.0,100.0,0,64.1,0
1,64,10,141.1,155.7,171.9,96.4,153.9,100.0,0,128.3,0
4,4,10,26.4,28.8,32.1,26.6,29.2,100.0,0,0.1,0
4,8,10,28.5,30.7,32.1,28.5,31.1,100.0,0,1.4,0
4,16,10,34.0,34.4,35.9,33.2,34.7,100.0,0,4.8,0
4,32,10,49.2,49.8,51.1,48.2,49.7,100.0,0,14.2,0
4,64,10,74.4,77.0,80.0,73.4,77.5,100.0,0,24.9,0
