probe,n,min_ms,p5_ms,median_ms,mean_ms,p95_ms,p99_ms,max_ms
ICMP echo from the Pi,150,3.91,4.595,7.665,8.017,13.265,16.377,20.2
secure control message,600,3.964,5.347,8.25,9.117,15.543,25.075,50.92
"secure control message, one probe per command",300,4.08,5.014,6.569,7.185,11.843,15.322,19.928
"link_rtt: probes on the UAV's timer, 1 datagram(s) each way",300,4.837,5.694,9.027,17.838,91.992,131.69,160.872
"link_rtt: probes on the UAV's timer, 2 datagram(s) each way",300,6.552,9.697,12.704,18.133,55.379,129.236,132.434
"link_rtt: probes on the UAV's timer, 3 datagram(s) each way",300,7.594,10.389,13.489,13.979,20.16,23.64,33.19
"link_rtt: probes on the UAV's timer, 4 datagram(s) each way",300,9.434,10.695,13.949,14.825,21.433,28.918,66.906
"link_rtt: probes on the UAV's timer, 5 datagram(s) each way",300,9.663,11.005,14.32,14.993,20.159,32.317,58.36
"link_rtt: probes on the UAV's timer, 6 datagram(s) each way",300,10.311,11.614,14.962,16.515,22.3,55.06,106.341
"link_rtt: one probe per command, 1 datagram(s) each way",150,4.139,4.957,6.526,7.026,10.267,12.853,15.318
"link_rtt: one probe per command, 2 datagram(s) each way",150,8.23,8.884,11.078,12.175,18.215,25.279,30.091
"link_rtt: one probe per command, 3 datagram(s) each way",150,8.264,9.923,12.011,12.565,17.64,20.493,21.065
"link_rtt: one probe per command, 4 datagram(s) each way",150,8.858,10.369,12.314,13.122,18.37,22.395,34.582
"link_rtt: one probe per command, 5 datagram(s) each way",150,9.599,10.589,13.076,14.114,19.542,33.898,53.26
"link_rtt: one probe per command, 6 datagram(s) each way",150,10.301,11.136,13.421,13.953,18.34,20.213,23.091
"link_rtt_after: probes on the UAV's timer, 1 datagram(s) each way",300,4.571,5.776,8.53,9.227,16.009,19.131,49.267
"link_rtt_after: probes on the UAV's timer, 2 datagram(s) each way",300,7.584,9.383,12.915,13.409,19.211,29.409,38.466
"link_rtt_after: probes on the UAV's timer, 3 datagram(s) each way",300,9.403,10.261,13.133,13.852,18.36,26.595,66.939
"link_rtt_after: probes on the UAV's timer, 4 datagram(s) each way",300,10.068,10.701,13.808,14.628,19.69,25.384,52.822
"link_rtt_after: probes on the UAV's timer, 5 datagram(s) each way",300,9.827,11.393,14.348,14.995,20.587,27.086,47.421
"link_rtt_after: probes on the UAV's timer, 6 datagram(s) each way",300,10.126,11.621,14.861,15.78,21.594,30.901,46.696
"link_rtt_after: one probe per command, 1 datagram(s) each way",150,4.08,5.029,6.579,7.344,12.912,16.49,19.928
"link_rtt_after: one probe per command, 2 datagram(s) each way",150,7.323,8.614,10.94,11.826,17.339,26.038,36.45
"link_rtt_after: one probe per command, 3 datagram(s) each way",150,8.41,9.836,12.101,12.749,17.835,22.136,23.803
"link_rtt_after: one probe per command, 4 datagram(s) each way",150,9.38,10.281,12.56,13.568,19.129,28.585,37.633
"link_rtt_after: one probe per command, 5 datagram(s) each way",150,9.22,10.569,13.098,14.357,21.256,35.802,46.651
"link_rtt_after: one probe per command, 6 datagram(s) each way",150,10.482,11.235,13.343,14.771,20.159,35.816,91.127
