study,speed_m_s_or_distance_m,runs,full_handshakes,completed,handshakes_per_uav_minute,p5_ms,median_ms,p95_ms,first_transmission_enough_pct,frames_complete_pct_of_sent,frames_given_to_decoder_pct_of_sent,handshake_uplink_bytes_per_s,share_of_the_uavs_uplink_traffic_pct,uplink_sinr_db,uplink_mcs,uplink_blocks_not_decoded_pct,uavs_gone_silent
speed,0.0,10,0,0,0.0,,,,0.0,100.0,100.0,0.0,0.0,37.4,28.0,0.0,0
speed,5.0,10,122,122,2.153,23.7,26.5,30.22,100.0,100.0,100.0,227.0,0.056,37.1,28.0,0.001,0
speed,10.0,10,263,263,4.641,23.64,26.72,29.86,100.0,100.0,100.0,489.4,0.122,35.7,28.0,0.006,0
speed,20.0,10,540,540,9.529,23.49,26.47,29.63,100.0,100.0,100.0,1004.9,0.25,33.4,28.0,0.011,0
speed,30.0,10,826,826,14.576,23.25,26.36,29.71,100.0,100.0,100.0,1537.1,0.381,33.5,28.0,0.008,0
range_m,250,5,160,160,,20.52,23.37,27.79,100.0,100.0,100.0,,,38.1,28.0,0.0,0
range_m,500,5,160,160,,20.52,23.37,27.79,100.0,100.0,100.0,,,31.5,28.0,0.0,0
range_m,1000,5,160,160,,20.52,23.24,27.81,100.0,100.0,100.0,,,24.9,27.9,0.337,0
range_m,2000,5,160,160,,20.29,23.29,27.8,100.0,100.0,100.0,,,18.2,25.7,2.405,0
range_m,3000,5,160,160,,20.15,23.25,27.3,100.0,99.99,99.77,,,14.5,21.7,2.028,0
range_m,4000,5,160,160,,20.93,23.65,29.18,100.0,99.91,98.79,,,11.6,18.7,4.683,0
