machine,excerpt_s,blocks,bundle_bytes,share_of_clip_pct,keys_released_median,keys_released_max,proof_nodes_median,bytes_besides_the_blocks,make_ms,verify_ms
Raspberry Pi 4B (UAV),1,6.0,31698.5,0.315,4.0,5,24.0,7758.5,132.647,2.805
Raspberry Pi 4B (UAV),5,25.0,96715.5,0.96,6.0,7,24.0,7795.5,133.067,6.35
Raspberry Pi 4B (UAV),15,73.0,260842.0,2.589,8.0,9,24.5,7852.0,133.596,15.405
Raspberry Pi 4B (UAV),60,288.0,996330.0,9.889,9.5,11,24.0,7950.0,134.351,56.279
Raspberry Pi 4B (UAV),300,1437.0,4925895.5,48.891,12.0,16,24.5,8030.0,139.277,275.632
Laptop (ground station),1,6.0,31698.5,0.315,4.0,5,24.0,7758.5,21.713,0.605
Laptop (ground station),5,25.0,96715.5,0.96,6.0,7,24.0,7795.5,21.449,1.156
Laptop (ground station),15,73.0,260842.0,2.589,8.0,9,24.5,7852.0,21.567,2.612
Laptop (ground station),60,288.0,996330.0,9.889,9.5,11,24.0,7950.0,22.361,9.609
Laptop (ground station),300,1437.0,4925895.5,48.891,12.0,16,24.5,8030.0,23.74,45.945
