t_s,uav_t_s,fps_gcs,frames_lost_cum,rtt_ms,uav_cpu_pct,uav_temp_c,uav_mem_pct,wifi_dbm,cam_fps,kbps
0.0,0.0,29.5,0,10.59,26.3,57.5,16.5,-62.0,30.27,2921.1
0.5,0.0,29.5,0,10.59,26.3,57.5,16.5,-62.0,30.27,2936.9
1.0,1.01,30.0,0,8.46,10.4,57.0,16.3,-60.0,30.28,3044.7
1.53,1.01,30.0,0,8.46,10.4,57.0,16.3,-60.0,30.28,2983.5
2.01,2.02,30.0,0,8.46,5.0,56.0,16.2,-59.0,30.02,3030.7
2.52,2.02,30.0,0,8.46,5.0,56.0,16.2,-59.0,30.02,3006.0
3.03,3.02,30.0,0,14.16,4.3,56.0,15.9,-59.0,30.01,2957.9
3.52,3.02,30.0,0,14.16,4.3,56.0,15.9,-59.0,30.01,3009.9
4.02,4.03,30.0,0,14.16,3.8,57.0,15.9,-60.0,30.01,2993.3
4.52,4.03,30.0,0,14.16,3.8,57.0,15.9,-60.0,30.01,3001.6
5.02,5.04,30.0,0,8.74,6.5,57.0,15.7,-62.0,29.77,3030.5
5.53,5.04,30.0,0,8.74,6.5,57.0,15.7,-62.0,29.77,3015.7
6.03,6.05,30.0,0,8.74,8.3,56.5,15.6,-59.0,29.78,2999.9
6.54,6.05,30.0,0,8.74,8.3,56.5,15.6,-59.0,29.78,2990.0
7.04,7.06,30.0,0,8.11,8.3,56.5,15.5,-61.0,30.03,3043.3
7.54,7.06,30.0,0,8.11,8.3,56.5,15.5,-61.0,30.03,2997.8
8.04,8.08,30.0,0,8.11,7.9,56.5,15.4,-62.0,30.01,2964.2
8.54,8.08,30.0,0,8.11,7.9,56.5,15.4,-62.0,30.01,3000.6
9.04,9.09,30.0,0,9.07,8.5,56.0,15.4,-59.0,30.02,2983.6
9.55,9.09,30.0,0,9.07,8.5,56.0,15.4,-59.0,30.02,2992.6
10.05,10.1,30.0,0,9.07,8.3,55.5,15.3,-61.0,29.99,3000.7
10.56,10.1,30.0,0,9.07,8.3,55.5,15.3,-61.0,29.99,2987.5
11.06,11.11,30.0,0,11.67,8.0,56.5,15.2,-58.0,30.01,3035.2
11.55,11.11,30.0,0,11.67,8.0,56.5,15.2,-58.0,30.01,3001.2
12.05,12.12,30.0,0,11.67,8.7,55.5,15.2,-56.0,29.99,3013.9
12.56,12.12,30.0,0,11.67,8.7,55.5,15.2,-56.0,29.99,3015.1
13.06,13.13,30.0,0,8.87,8.3,56.5,15.2,-57.0,30.03,2958.3
13.57,13.13,30.0,0,8.87,8.3,56.5,15.2,-57.0,30.03,3001.6
14.07,14.15,30.0,0,8.87,7.8,55.0,15.1,-59.0,30.02,3045.4
14.57,14.15,30.0,0,8.87,7.8,55.0,15.1,-59.0,30.02,3012.8
15.07,15.16,30.0,0,7.52,7.8,56.0,15.1,-57.0,29.98,3004.7
15.57,15.16,30.0,0,7.52,7.8,56.0,15.1,-57.0,29.98,3010.1
16.07,16.17,30.0,0,7.52,9.7,56.0,15.0,-57.0,30.0,3006.0
16.57,16.17,30.0,0,7.52,9.7,56.0,15.0,-57.0,30.0,3015.7
17.08,17.19,30.0,0,12.04,8.7,55.5,15.0,-57.0,29.98,3028.3
17.59,17.19,30.0,0,12.04,8.7,55.5,15.0,-57.0,29.98,2978.6
18.09,18.2,30.0,0,12.04,9.6,56.5,15.0,-56.0,29.99,3000.8
18.59,18.2,30.0,0,12.04,9.6,56.5,15.0,-56.0,29.99,2990.6
19.09,19.21,30.0,0,10.15,9.5,55.5,15.0,-58.0,30.05,3019.4
19.59,19.21,30.0,0,10.15,9.5,55.5,15.0,-58.0,30.05,2989.4
20.09,20.22,30.0,0,10.15,9.0,56.0,15.0,-59.0,30.05,2990.7
20.59,20.22,30.0,0,10.15,9.0,56.0,15.0,-59.0,30.05,3003.1
21.12,21.24,30.0,0,11.99,8.8,54.0,15.0,-60.0,30.06,3006.6
21.61,21.24,30.0,0,11.99,8.8,54.0,15.0,-60.0,30.06,3024.6
22.11,22.25,30.0,0,11.99,8.0,54.0,15.0,-57.0,30.03,3020.0
22.61,22.25,30.0,0,11.99,8.0,54.0,15.0,-57.0,30.03,2993.7
23.11,23.26,30.0,0,6.19,7.5,55.0,15.0,-57.0,29.95,3008.0
23.61,23.26,30.0,0,6.19,7.5,55.0,15.0,-57.0,29.95,3014.0
24.11,24.28,30.0,0,6.19,8.9,55.0,15.0,-62.0,30.03,2972.6
24.61,24.28,30.0,0,6.19,8.9,55.0,15.0,-62.0,30.03,3007.2
25.11,25.3,30.0,0,8.75,9.2,55.0,15.0,-58.0,30.01,3047.0
25.62,25.3,30.0,0,8.75,9.2,55.0,15.0,-58.0,30.01,3001.2
26.13,26.31,30.0,0,8.75,8.3,56.0,15.0,-56.0,30.01,3010.1
26.63,26.31,30.0,0,8.75,8.3,56.0,15.0,-56.0,30.01,2977.6
27.13,27.32,30.0,0,8.93,9.2,56.0,15.0,-58.0,30.04,2947.2
27.63,27.32,30.0,0,8.93,9.2,56.0,15.0,-58.0,30.04,2998.9
28.13,28.33,30.0,0,8.93,8.0,55.5,15.0,-57.0,30.06,2997.2
28.63,28.33,30.0,0,8.93,8.0,55.5,15.0,-57.0,30.06,3020.9
29.13,29.34,30.0,0,8.79,8.1,56.5,15.0,-58.0,30.01,3055.4
29.64,29.34,30.0,0,8.79,8.1,56.5,15.0,-58.0,30.01,3014.9
30.14,30.36,30.0,0,8.79,9.0,54.5,14.9,-60.0,29.98,3026.6
30.64,30.36,30.0,0,8.79,9.0,54.5,14.9,-60.0,29.98,2985.5
31.15,31.37,30.0,0,11.03,9.4,54.5,14.9,-57.0,30.04,3013.1
31.69,31.37,30.0,0,11.03,9.4,54.5,14.9,-57.0,30.04,2987.3
32.15,32.38,30.0,0,11.03,9.2,54.0,14.9,-55.0,30.04,3016.6
32.65,32.38,30.0,0,11.03,9.2,54.0,14.9,-55.0,30.04,2988.4
33.15,33.39,30.0,0,9.04,9.0,55.0,14.9,-57.0,29.98,2978.8
33.68,33.39,30.0,0,9.04,9.0,55.0,14.9,-57.0,29.98,3032.4
34.16,34.41,30.0,0,9.04,9.6,55.0,14.9,-56.0,30.0,2983.7
34.67,34.41,30.0,0,9.04,9.6,55.0,14.9,-56.0,30.0,2983.8
35.17,35.43,30.0,0,13.11,8.1,55.5,14.9,-60.0,30.02,2998.5
35.66,35.43,30.0,0,13.11,8.1,55.5,14.9,-60.0,30.02,3001.3
36.16,36.44,30.0,0,13.11,8.3,54.0,14.9,-60.0,30.01,2999.8
36.67,36.44,30.0,0,13.11,8.3,54.0,14.9,-60.0,30.01,2986.4
37.17,37.45,30.0,0,8.55,8.3,55.0,14.9,-56.0,30.01,2983.6
37.68,37.45,30.0,0,8.55,8.3,55.0,14.9,-56.0,30.01,3026.4
38.18,38.46,30.0,0,8.55,8.7,54.0,14.8,-57.0,30.0,3008.5
38.68,38.46,30.0,0,8.55,8.7,54.0,14.8,-57.0,30.0,2989.1
39.18,39.47,30.0,0,12.16,9.4,53.6,14.8,-60.0,29.99,3003.7
39.68,39.47,30.0,0,12.16,9.4,53.6,14.8,-60.0,29.99,2976.9
40.18,40.49,30.0,0,12.16,8.5,54.0,14.8,-59.0,30.01,2974.4
40.68,40.49,30.0,0,12.16,8.5,54.0,14.8,-59.0,30.01,2819.1
41.19,41.5,30.0,0,15.84,8.7,53.6,14.8,-61.0,30.03,3006.7
41.7,41.5,30.0,0,15.84,8.7,53.6,14.8,-61.0,30.03,2826.6
42.22,42.51,30.0,0,15.84,8.9,54.5,14.8,-58.0,30.01,3003.5
42.7,42.51,30.0,0,15.84,8.9,54.5,14.8,-58.0,30.01,3004.6
43.2,43.52,30.0,0,11.8,9.0,53.1,14.8,-58.0,30.0,2994.0
43.7,43.52,30.0,0,11.8,9.0,53.1,14.8,-58.0,30.0,3002.2
44.2,44.54,30.0,0,11.8,6.8,54.5,14.8,-57.0,29.99,3009.5
44.7,44.54,30.0,0,11.8,6.8,54.5,14.8,-57.0,29.99,3021.8
45.2,45.56,30.0,0,11.62,9.2,54.0,14.8,-58.0,30.01,2992.9
45.71,45.56,30.0,0,11.62,9.2,54.0,14.8,-58.0,30.01,3013.1
46.21,46.57,30.0,0,11.62,9.7,53.1,14.8,-59.0,30.03,3020.7
46.72,46.57,30.0,0,5.96,9.7,53.1,14.8,-59.0,30.03,2975.8
47.23,47.58,30.0,0,5.96,8.9,53.6,14.8,-56.0,30.02,3016.2
47.72,47.58,30.0,0,5.96,8.9,53.6,14.8,-56.0,30.02,2816.0
48.22,48.59,30.0,0,5.96,8.5,54.0,14.8,-56.0,30.01,3021.1
48.72,48.59,30.0,0,6.29,8.5,54.0,14.8,-56.0,30.01,2856.7
49.22,49.61,30.0,0,6.29,7.8,54.5,14.8,-57.0,30.02,3042.2
49.73,49.61,30.0,0,6.29,7.8,54.5,14.8,-57.0,30.02,2797.9
50.24,50.62,30.0,0,6.29,8.0,54.5,14.8,-57.0,30.0,3001.3
50.74,50.62,30.0,0,7.86,8.0,54.5,14.8,-57.0,30.0,2988.5
51.24,51.63,30.0,0,7.86,8.7,53.6,14.8,-56.0,30.08,2982.9
51.73,51.63,30.0,0,7.86,8.7,53.6,14.8,-56.0,30.08,2994.5
52.24,52.64,30.0,0,7.86,7.8,54.0,14.7,-57.0,30.03,3004.2
52.74,52.64,30.0,0,9.89,7.8,54.0,14.7,-57.0,30.03,3026.1
53.24,53.66,30.0,0,9.89,8.3,55.5,14.8,-57.0,30.01,3015.5
53.75,53.66,30.0,0,9.89,8.3,55.5,14.8,-57.0,30.01,2842.3
54.25,54.67,30.0,0,9.89,9.4,54.0,14.8,-55.0,30.03,3020.7
54.75,54.67,30.0,0,7.51,9.4,54.0,14.8,-55.0,30.03,2995.4
55.26,55.69,30.0,0,7.51,9.6,55.0,14.8,-57.0,29.99,3012.2
55.75,55.69,30.0,0,7.51,9.6,55.0,14.8,-57.0,29.99,2805.0
56.25,56.7,30.0,0,7.51,9.0,53.1,14.8,-57.0,30.02,3026.7
56.75,56.7,30.0,0,9.71,9.0,53.1,14.8,-57.0,30.02,2777.9
57.27,56.7,30.0,0,9.71,9.0,53.1,14.8,-57.0,30.02,2984.3
57.78,57.72,30.0,0,9.71,8.5,54.0,14.8,-60.0,30.02,2814.1
58.27,57.72,30.0,0,9.71,8.5,54.0,14.8,-60.0,30.02,2974.4
58.77,58.73,30.0,0,6.87,8.3,53.6,14.7,-57.0,30.05,2847.1
59.27,58.73,30.0,0,6.87,8.3,53.6,14.7,-57.0,30.05,3027.0
59.77,59.74,30.0,0,6.87,8.9,54.5,14.7,-59.0,30.07,3009.5
60.27,59.74,30.0,0,6.87,8.9,54.5,14.7,-59.0,30.07,3036.7
60.77,60.76,30.0,0,6.75,8.7,53.6,14.7,-59.0,30.02,2982.6
61.28,60.76,30.0,0,6.75,8.7,53.6,14.7,-59.0,30.02,2977.4
61.79,61.77,30.0,0,6.75,8.3,53.6,14.7,-57.0,30.03,3004.5
62.29,61.77,30.0,0,6.75,8.3,53.6,14.7,-57.0,30.03,3008.6
62.79,62.78,30.0,0,9.41,8.5,53.6,14.7,-59.0,30.01,2997.8
63.29,62.78,30.0,0,9.41,8.5,53.6,14.7,-59.0,30.01,3028.1
63.79,63.79,30.0,0,9.41,9.0,55.0,14.7,-58.0,30.07,2814.6
64.29,63.79,30.0,0,9.41,9.0,55.0,14.7,-58.0,30.07,3009.6
64.79,64.81,30.0,0,8.0,9.2,54.0,14.7,-58.0,30.05,2841.3
65.29,64.81,30.0,0,8.0,9.2,54.0,14.7,-58.0,30.05,3030.1
65.81,65.82,30.0,0,8.0,8.6,53.6,14.7,-57.0,30.0,3016.4
66.3,65.82,30.0,0,8.0,8.6,53.6,14.7,-57.0,30.0,3020.8
66.81,66.84,30.0,0,12.66,8.3,53.6,14.7,-57.0,30.0,3045.3
67.31,66.84,30.0,0,12.66,8.3,53.6,14.7,-57.0,30.0,2982.4
67.8,67.85,30.0,0,12.66,9.0,54.0,14.7,-58.0,30.01,2936.2
68.31,67.85,30.0,0,12.66,9.0,54.0,14.7,-58.0,30.01,2986.5
68.81,68.86,30.0,0,9.42,9.7,53.6,14.7,-58.0,30.08,2978.9
69.32,68.86,30.0,0,9.42,9.7,53.6,14.7,-58.0,30.08,2995.9
69.82,69.87,29.5,1,9.42,9.2,54.0,14.7,-60.0,30.07,2992.0
70.33,69.87,29.5,1,9.42,9.2,54.0,14.7,-60.0,30.07,2918.2
70.83,70.88,29.5,1,6.31,9.3,54.0,14.7,-57.0,30.02,2951.9
71.33,70.88,29.5,1,6.31,9.3,54.0,14.7,-57.0,30.02,2932.7
71.82,71.9,30.0,1,6.31,9.2,54.0,14.7,-57.0,30.01,2995.5
72.33,71.9,30.0,1,6.31,9.2,54.0,14.7,-57.0,30.01,3011.2
72.83,72.91,30.0,1,6.86,7.8,53.6,14.7,-59.0,30.08,3021.3
73.33,72.91,30.0,1,6.86,7.8,53.6,14.7,-59.0,30.08,3000.3
73.84,73.92,30.0,1,6.86,8.3,54.0,14.7,-61.0,29.98,3019.7
74.34,73.92,30.0,1,6.86,8.3,54.0,14.7,-61.0,29.98,2991.4
74.85,74.94,30.0,1,12.68,8.0,54.0,14.7,-59.0,30.01,2991.3
75.34,74.94,30.0,1,12.68,8.0,54.0,14.7,-59.0,30.01,3008.2
75.84,75.95,30.0,1,12.68,9.7,53.6,14.7,-62.0,30.02,2993.9
76.34,75.95,30.0,1,12.68,9.7,53.6,14.7,-62.0,30.02,2994.4
76.85,76.97,30.0,1,7.44,9.7,54.5,14.7,-60.0,30.04,3026.8
77.35,76.97,30.0,1,7.44,9.7,54.5,14.7,-60.0,30.04,3009.0
77.86,77.98,30.0,1,7.44,9.2,54.0,14.7,-61.0,30.01,3027.9
78.37,77.98,30.0,1,7.44,9.2,54.0,14.7,-61.0,30.01,3019.1
78.87,78.99,30.0,1,11.35,8.8,54.5,14.7,-62.0,30.01,3025.1
79.37,78.99,30.0,1,11.35,8.8,54.5,14.7,-62.0,30.01,2993.2
79.86,80.0,30.0,1,11.35,8.7,54.0,14.7,-61.0,30.01,3031.8
80.36,80.0,30.0,1,11.35,8.7,54.0,14.7,-61.0,30.01,2981.7
80.87,81.01,30.0,1,7.47,8.3,55.0,14.7,-61.0,30.02,3034.9
81.37,81.01,30.0,1,7.47,8.3,55.0,14.7,-61.0,30.02,3029.7
81.88,82.02,30.0,1,7.47,9.2,53.6,14.6,-60.0,30.01,2992.0
82.38,82.02,30.0,1,7.47,9.2,53.6,14.6,-60.0,30.01,3034.7
82.88,83.04,30.0,1,7.93,7.8,54.5,14.6,-59.0,30.02,3020.9
83.38,83.04,30.0,1,7.93,7.8,54.5,14.6,-59.0,30.02,2983.4
83.88,84.05,29.5,2,7.93,8.7,54.0,14.6,-61.0,30.0,3018.1
84.38,84.05,29.0,3,7.93,8.7,54.0,14.6,-61.0,30.0,2871.8
84.88,85.06,29.0,3,7.06,9.2,54.0,14.6,-61.0,30.0,2917.7
85.39,85.06,29.0,3,7.06,9.2,54.0,14.6,-61.0,30.0,2907.5
85.89,86.08,30.0,3,7.06,9.4,53.1,14.6,-60.0,30.03,2928.0
86.4,86.08,30.0,3,7.06,9.4,53.1,14.6,-60.0,30.03,2995.0
86.9,87.09,30.0,3,12.97,8.1,54.0,14.6,-60.0,30.01,2983.5
87.4,87.09,30.0,3,12.97,8.1,54.0,14.6,-60.0,30.01,2987.1
87.9,88.1,30.0,3,12.97,8.8,54.0,14.6,-63.0,30.07,3040.2
88.4,88.1,30.0,3,12.97,8.8,54.0,14.6,-63.0,30.07,2999.5
88.91,89.11,30.0,3,16.23,9.7,54.0,14.6,-60.0,30.04,3103.1
89.41,89.11,30.0,3,16.23,9.7,54.0,14.6,-60.0,30.04,3003.6
89.92,90.13,30.0,3,16.23,9.7,54.0,14.6,-62.0,30.01,3081.1
90.41,90.13,30.0,3,16.23,9.7,54.0,14.6,-62.0,30.01,3013.4
90.92,91.14,30.0,3,8.09,8.7,54.0,14.6,-61.0,30.02,2971.1
91.42,91.14,30.0,3,8.09,8.7,54.0,14.6,-61.0,30.02,3011.5
91.91,92.15,30.0,3,8.09,8.3,53.6,14.6,-61.0,30.01,2977.3
92.41,92.15,30.0,3,8.09,8.3,53.6,14.6,-61.0,30.01,2990.3
92.92,93.16,30.0,3,13.32,10.4,53.1,14.6,-64.0,30.02,3038.8
93.43,93.16,30.0,3,13.32,10.4,53.1,14.6,-64.0,30.02,3016.0
93.93,94.17,30.0,3,13.32,8.0,54.0,14.6,-61.0,30.03,3009.6
94.43,94.17,30.0,3,13.32,8.0,54.0,14.6,-61.0,30.03,3013.4
94.94,95.18,30.0,3,18.89,7.8,54.0,14.6,-63.0,30.03,3026.0
95.44,95.18,30.0,3,18.89,7.8,54.0,14.6,-63.0,30.03,2991.5
95.93,96.2,30.0,3,18.89,7.8,54.5,14.6,-60.0,30.01,3018.9
96.43,96.2,30.0,3,18.89,7.8,54.5,14.6,-60.0,30.01,2990.4
96.94,97.21,30.0,3,8.24,9.2,54.0,14.6,-60.0,30.07,2978.5
97.45,97.21,30.0,3,8.24,9.2,54.0,14.6,-60.0,30.07,3018.4
97.95,98.22,30.0,3,8.24,10.1,54.0,14.6,-61.0,30.0,3013.3
98.45,98.22,30.0,3,8.24,10.1,54.0,14.6,-61.0,30.0,2990.0
98.95,99.23,30.0,3,7.04,9.0,52.6,14.6,-60.0,30.19,2986.5
99.45,99.23,30.0,3,7.04,9.0,52.6,14.6,-60.0,30.19,3003.9
99.95,100.24,30.0,3,7.04,8.3,53.1,14.6,-61.0,30.01,2959.7
100.46,100.24,30.0,3,7.04,8.3,53.1,14.6,-61.0,30.01,2995.6
100.95,101.26,30.0,3,5.61,9.0,52.6,14.6,-59.0,30.0,2975.1
101.46,101.26,30.0,3,5.61,9.0,52.6,14.6,-59.0,30.0,3043.0
101.97,102.27,30.0,3,5.61,9.5,52.6,14.6,-60.0,30.01,3030.5
102.47,102.27,30.0,3,5.61,9.5,52.6,14.6,-60.0,30.01,3008.7
102.98,103.29,30.0,3,6.32,7.6,53.6,14.6,-59.0,30.01,3012.7
103.48,103.29,30.0,3,6.32,7.6,53.6,14.6,-59.0,30.01,2988.3
103.97,104.3,30.0,3,6.32,8.5,53.1,14.6,-60.0,30.01,2975.6
104.47,104.3,30.0,3,6.32,8.5,53.1,14.6,-60.0,30.01,3002.5
104.97,105.31,30.0,3,6.66,8.9,53.1,14.6,-60.0,30.02,3012.3
105.48,105.31,30.0,3,6.66,8.9,53.1,14.6,-60.0,30.02,3016.9
105.99,106.33,30.0,3,6.66,9.0,54.0,14.6,-61.0,30.01,3012.9
106.49,106.33,30.0,3,6.66,9.0,54.0,14.6,-61.0,30.01,2979.4
106.99,107.34,30.0,3,6.85,8.3,53.6,14.6,-61.0,29.98,2977.0
107.48,107.34,30.0,3,6.85,8.3,53.6,14.6,-61.0,29.98,3005.4
107.98,108.35,30.0,3,6.85,9.4,53.6,14.6,-62.0,30.05,3002.4
108.49,108.35,30.0,3,6.85,9.4,53.6,14.6,-62.0,30.05,3002.0
108.99,109.36,30.0,3,10.12,9.5,53.1,14.6,-60.0,30.01,3029.4
109.5,109.36,30.0,3,10.12,9.5,53.1,14.6,-60.0,30.01,3014.5
110.0,110.37,30.0,3,10.12,8.3,53.1,14.6,-61.0,30.0,3035.7
110.5,110.37,30.0,3,10.12,8.3,53.1,14.6,-61.0,30.0,2992.0
111.01,111.38,30.0,3,9.63,9.9,54.0,14.6,-60.0,30.07,2983.8
111.5,111.38,30.0,3,9.63,9.9,54.0,14.6,-60.0,30.07,3014.4
112.0,112.39,30.0,3,9.63,7.8,52.6,14.6,-60.0,30.01,3008.3
112.51,112.39,30.0,3,9.63,7.8,52.6,14.6,-60.0,30.01,3011.3
113.01,113.41,30.0,3,9.97,8.7,53.1,14.6,-62.0,30.01,2984.2
113.51,113.41,30.0,3,9.97,8.7,53.1,14.6,-62.0,30.01,2999.3
114.03,114.42,30.0,3,9.97,9.0,53.6,14.6,-61.0,30.05,3049.8
114.53,114.42,30.0,3,9.97,9.0,53.6,14.6,-61.0,30.05,2987.6
115.03,115.43,30.0,3,12.81,9.4,53.6,14.6,-63.0,30.02,3040.3
115.53,115.43,30.0,3,12.81,9.4,53.6,14.6,-63.0,30.02,2985.9
116.02,116.45,30.0,3,12.81,8.1,53.6,14.6,-61.0,30.03,2984.0
116.52,116.45,30.0,3,12.81,8.1,53.6,14.6,-61.0,30.03,2999.2
117.03,117.46,30.0,3,7.52,7.9,54.0,14.6,-62.0,29.97,3004.3
117.54,117.46,30.0,3,7.52,7.9,54.0,14.6,-62.0,29.97,2985.5
118.04,118.47,30.0,3,7.52,8.5,53.1,14.6,-63.0,30.03,2991.3
118.54,118.47,30.0,3,7.52,8.5,53.1,14.6,-63.0,30.03,3002.1
119.04,119.49,30.0,3,7.04,9.7,53.6,14.6,-61.0,30.07,3014.4
119.54,119.49,30.0,3,7.04,9.7,53.6,14.6,-61.0,30.07,3007.3
120.04,120.5,30.0,3,7.04,9.9,53.1,14.6,-64.0,30.02,3008.1
120.54,120.5,30.0,3,7.04,9.9,53.1,14.6,-64.0,30.02,3010.0
121.04,121.51,30.0,3,5.7,9.0,53.6,14.6,-61.0,30.01,3024.4
121.55,121.51,30.0,3,5.7,9.0,53.6,14.6,-61.0,30.01,2993.5
122.05,122.52,30.0,3,5.7,8.8,52.6,14.6,-61.0,30.0,3027.3
122.55,122.52,30.0,3,5.7,8.8,52.6,14.6,-61.0,30.0,2993.2
123.06,123.54,30.0,3,9.46,8.5,53.1,14.6,-63.0,30.01,3009.6
123.56,123.54,30.0,3,9.46,8.5,53.1,14.6,-63.0,30.01,3010.2
124.06,123.54,30.0,3,9.46,8.5,53.1,14.6,-63.0,30.01,3004.1
124.56,124.55,30.0,3,9.46,8.5,52.6,14.6,-61.0,30.0,2995.8
125.06,124.55,30.0,3,9.34,8.5,52.6,14.6,-61.0,30.0,3051.0
125.58,125.56,30.0,3,9.34,8.5,52.6,14.5,-60.0,30.05,3007.8
126.07,125.56,30.0,3,9.34,8.5,52.6,14.5,-60.0,30.05,3048.9
126.58,126.58,30.0,3,9.34,9.9,54.0,14.5,-62.0,30.03,3001.2
127.08,126.58,30.0,3,7.12,9.9,54.0,14.5,-62.0,30.03,2968.4
127.58,127.59,30.0,3,7.12,7.3,52.6,14.5,-62.0,30.03,2997.6
128.07,127.59,30.0,3,7.12,7.3,52.6,14.5,-62.0,30.03,3021.2
128.58,128.6,30.0,3,7.12,8.7,53.6,14.5,-60.0,29.99,2999.6
129.08,128.6,30.0,3,8.44,8.7,53.6,14.5,-60.0,29.99,3015.8
129.59,129.62,30.0,3,8.44,9.2,52.6,14.5,-61.0,29.95,2991.2
130.09,129.62,30.0,3,8.44,9.2,52.6,14.5,-61.0,29.95,2998.0
130.6,130.63,30.0,3,8.44,7.5,53.1,14.5,-61.0,30.06,3007.1
131.1,130.63,30.0,3,7.01,7.5,53.1,14.5,-61.0,30.06,3031.8
131.59,131.64,30.0,3,7.01,8.3,53.6,14.5,-61.0,30.03,2989.1
132.09,131.64,30.0,3,7.01,8.3,53.6,14.5,-61.0,30.03,3005.0
132.59,132.66,30.0,3,7.01,8.9,52.6,14.5,-61.0,30.01,3001.6
133.1,132.66,30.0,3,5.54,8.9,52.6,14.5,-61.0,30.01,3007.6
133.61,133.67,30.0,3,5.54,8.5,52.6,14.5,-61.0,30.02,3020.7
134.11,133.67,30.0,3,5.54,8.5,52.6,14.5,-61.0,30.02,3053.8
134.62,134.68,30.0,3,5.54,8.7,54.0,14.5,-61.0,30.02,2992.7
135.11,134.68,30.0,3,7.6,8.7,54.0,14.5,-61.0,30.02,2974.5
135.61,135.69,30.0,3,7.6,9.6,54.0,14.5,-63.0,30.02,2978.1
136.11,135.69,30.0,3,7.6,9.6,54.0,14.5,-63.0,30.02,2965.8
136.62,136.71,30.0,3,7.6,9.3,53.1,14.5,-61.0,30.0,3022.6
137.11,136.71,30.0,3,10.15,9.3,53.1,14.5,-61.0,30.0,3091.8
137.63,137.72,30.0,3,10.15,9.2,54.0,14.5,-61.0,30.01,3020.9
138.13,137.72,30.0,3,10.15,9.2,54.0,14.5,-61.0,30.01,3006.3
138.63,138.73,30.0,3,10.15,7.6,53.1,14.5,-63.0,29.96,2989.1
139.13,138.73,30.0,3,11.47,7.6,53.1,14.5,-63.0,29.96,2970.5
139.63,139.75,30.0,3,11.47,8.5,53.1,14.5,-61.0,30.05,3005.1
140.13,139.75,30.0,3,11.47,8.5,53.1,14.5,-61.0,30.05,3035.0
140.63,140.76,30.0,3,11.47,8.6,53.1,14.5,-63.0,30.09,3006.2
141.13,140.76,30.0,3,10.41,8.6,53.1,14.5,-63.0,30.09,3017.8
141.64,141.77,30.0,3,10.41,8.6,52.6,14.5,-60.0,30.03,3007.8
142.15,141.77,30.0,3,10.41,8.6,52.6,14.5,-60.0,30.03,3018.9
142.64,142.78,30.0,3,10.41,8.9,53.1,14.5,-62.0,30.0,2986.9
143.15,142.78,30.0,3,8.32,8.9,53.1,14.5,-62.0,30.0,3007.3
143.64,143.79,30.0,3,8.32,8.3,53.1,14.5,-61.0,30.05,2995.3
144.15,143.79,30.0,3,8.32,8.3,53.1,14.5,-61.0,30.05,2988.4
144.65,144.81,30.0,3,8.32,9.7,54.0,14.5,-60.0,30.04,3012.7
145.15,144.81,30.0,3,8.37,9.7,54.0,14.5,-60.0,30.04,3032.0
145.66,145.82,30.0,3,8.37,8.7,52.6,14.5,-61.0,30.03,3010.4
146.17,145.82,30.0,3,8.37,8.7,52.6,14.5,-61.0,30.03,3029.1
146.66,146.84,30.0,3,8.37,8.1,53.1,14.6,-63.0,30.02,2974.4
147.17,146.84,30.0,3,8.84,8.1,53.1,14.6,-63.0,30.02,2989.3
147.66,147.85,30.0,3,8.84,9.5,52.6,14.5,-61.0,30.04,2989.4
148.16,147.85,30.0,3,8.84,9.5,52.6,14.5,-61.0,30.04,3009.3
148.67,148.86,30.0,3,8.84,9.4,53.6,14.5,-61.0,30.03,2999.6
149.17,148.86,30.0,3,9.4,9.4,53.6,14.5,-61.0,30.03,3012.5
149.68,149.87,30.0,3,9.4,9.7,53.6,14.5,-62.0,30.02,3009.0
150.19,149.87,30.0,3,9.4,9.7,53.6,14.5,-62.0,30.02,3011.4
150.69,150.89,30.0,3,9.4,9.5,52.6,14.6,-65.0,30.0,3003.6
151.18,150.89,30.0,3,6.05,9.5,52.6,14.6,-65.0,30.0,2983.1
151.68,151.9,30.0,3,6.05,8.0,54.0,14.6,-61.0,30.04,3007.8
152.19,151.9,30.0,3,6.05,8.0,54.0,14.6,-61.0,30.04,2966.4
152.69,152.91,30.0,3,6.05,10.0,52.6,14.5,-64.0,30.03,2997.2
153.19,152.91,30.0,3,14.0,10.0,52.6,14.5,-64.0,30.03,2983.5
153.7,153.92,30.0,3,14.0,8.5,52.6,14.5,-60.0,30.02,2996.6
154.2,153.92,30.0,3,14.0,8.5,52.6,14.5,-60.0,30.02,3033.6
154.71,154.94,30.0,3,14.0,8.5,53.6,14.5,-63.0,30.03,3001.9
155.2,154.94,30.0,3,10.82,8.5,53.6,14.5,-63.0,30.03,3030.5
155.7,155.95,30.0,3,10.82,8.7,53.6,14.5,-61.0,30.11,3011.3
156.2,155.95,30.0,3,10.82,8.7,53.6,14.5,-61.0,30.11,2995.0
156.7,156.97,30.0,3,10.82,8.0,53.1,14.5,-62.0,30.0,3027.4
157.21,156.97,30.0,3,6.44,8.0,53.1,14.5,-62.0,30.0,3017.8
157.72,157.98,30.0,3,6.44,9.0,52.6,14.5,-60.0,30.03,2973.7
158.22,157.98,30.0,3,6.44,9.0,52.6,14.5,-60.0,30.03,2980.4
158.73,158.99,30.0,3,6.44,8.3,53.6,14.5,-61.0,30.06,2988.1
159.23,158.99,30.0,3,7.14,8.3,53.6,14.5,-61.0,30.06,3002.2
159.71,160.0,30.0,3,7.14,8.3,53.1,14.5,-60.0,30.01,3034.7
160.22,160.0,30.0,3,7.14,8.3,53.1,14.5,-60.0,30.01,2998.4
160.72,161.01,30.0,3,7.14,8.7,53.1,14.5,-61.0,30.0,2985.3
161.22,161.01,30.0,3,5.94,8.7,53.1,14.5,-61.0,30.0,2982.7
161.75,162.03,30.0,3,5.94,7.5,53.6,14.5,-61.0,30.0,2828.8
162.24,162.03,30.0,3,5.94,7.5,53.6,14.5,-61.0,30.0,3006.1
162.73,163.04,30.0,3,5.94,7.5,53.1,14.5,-61.0,29.99,3038.1
163.24,163.04,30.0,3,12.59,7.5,53.1,14.5,-61.0,29.99,3027.8
163.74,164.05,30.0,3,12.59,9.2,52.6,14.5,-61.0,30.02,3011.1
164.24,164.05,30.0,3,12.59,9.2,52.6,14.5,-61.0,30.02,2995.2
164.74,165.07,30.0,3,12.59,8.7,54.0,14.5,-59.0,30.02,2790.1
165.24,165.07,30.0,3,9.42,8.7,54.0,14.5,-59.0,30.02,2978.3
165.75,166.08,30.0,3,9.42,9.2,52.6,14.5,-61.0,30.12,3003.4
166.25,166.08,30.0,3,9.42,9.2,52.6,14.5,-61.0,30.12,3002.2
166.76,167.1,30.0,3,9.42,8.5,54.0,14.5,-61.0,30.02,3002.9
167.27,167.1,30.0,3,10.29,8.5,54.0,14.5,-61.0,30.02,3030.1
167.75,168.11,30.0,3,10.29,8.7,53.1,14.5,-61.0,30.04,2836.7
168.26,168.11,30.0,3,10.29,8.7,53.1,14.5,-61.0,30.04,3026.7
168.76,169.12,30.0,3,10.29,8.3,53.6,14.5,-61.0,30.02,2856.6
169.26,169.12,30.0,3,10.46,8.3,53.6,14.5,-61.0,30.02,3025.5
169.77,170.14,30.0,3,10.46,8.2,53.1,14.5,-60.0,30.04,2840.9
170.27,170.14,30.0,3,10.46,8.2,53.1,14.5,-60.0,30.04,3010.2
170.77,171.15,30.0,3,10.46,9.4,54.0,14.5,-62.0,30.01,2983.5
171.28,171.15,30.0,3,7.43,9.4,54.0,14.5,-62.0,30.01,3027.4
171.77,172.17,30.0,3,7.43,9.0,53.1,14.5,-62.0,30.04,2988.6
172.27,172.17,30.0,3,7.43,9.0,53.1,14.5,-62.0,30.04,3014.1
172.77,173.18,30.0,3,7.43,9.0,53.1,14.5,-62.0,29.98,2828.8
173.29,173.18,30.0,3,9.52,9.0,53.1,14.5,-62.0,29.98,2984.0
173.78,174.19,30.0,3,9.52,9.5,54.0,14.5,-61.0,30.12,2985.9
174.29,174.19,30.0,3,9.52,9.5,54.0,14.5,-61.0,30.12,2999.3
174.79,175.2,30.0,3,9.52,8.3,53.6,14.5,-60.0,30.03,2966.4
175.29,175.2,30.0,3,9.27,8.3,53.6,14.5,-60.0,30.03,3002.1
175.79,176.21,30.0,3,9.27,7.5,53.1,14.5,-60.0,30.23,2988.0
176.3,176.21,30.0,3,9.27,7.5,53.1,14.5,-60.0,30.23,2984.0
176.79,177.23,30.0,3,9.27,8.5,53.1,14.5,-61.0,30.02,2997.5
177.31,177.23,30.0,3,7.68,8.5,53.1,14.5,-61.0,30.02,2997.6
177.81,178.24,30.0,3,7.68,9.2,53.1,14.5,-64.0,29.85,3028.3
178.31,178.24,30.0,3,7.68,9.2,53.1,14.5,-64.0,29.85,3002.9
178.88,178.24,30.0,3,7.68,9.2,53.1,14.5,-64.0,29.85,2986.3
179.32,179.26,30.0,3,8.52,8.3,53.6,14.5,-60.0,29.91,2975.8
179.81,179.26,30.0,3,8.52,8.3,53.6,14.5,-60.0,29.91,3048.3
180.31,180.27,30.0,3,8.52,9.0,52.1,14.5,-61.0,29.93,2982.5
180.81,180.27,30.0,3,8.52,9.0,52.1,14.5,-61.0,29.93,3005.2
181.32,181.28,30.0,3,7.93,9.4,53.1,14.5,-62.0,30.0,3014.6
181.82,181.28,30.0,3,7.93,9.4,53.1,14.5,-62.0,30.0,2987.0
182.33,182.29,30.0,3,7.93,7.8,53.6,14.6,-61.0,30.03,2991.3
182.83,182.29,30.0,3,7.93,7.8,53.6,14.6,-61.0,30.03,3008.0
183.32,183.31,30.0,3,10.43,9.3,53.6,14.6,-62.0,29.98,2982.3
183.82,183.31,30.0,3,10.43,9.3,53.6,14.6,-62.0,29.98,3006.3
184.33,184.32,30.0,3,10.43,7.8,53.6,14.5,-61.0,30.01,3019.0
184.83,184.32,30.0,3,10.43,7.8,53.6,14.5,-61.0,30.01,2995.7
185.34,185.33,30.0,3,7.18,7.8,53.6,14.5,-62.0,30.03,2990.6
185.84,185.33,30.0,3,7.18,7.8,53.6,14.5,-62.0,30.03,2989.9
186.35,186.34,30.0,3,7.18,8.5,53.1,14.6,-60.0,30.03,2989.0
186.84,186.34,30.0,3,7.18,8.5,53.1,14.6,-60.0,30.03,2991.3
187.35,187.35,30.0,3,8.71,9.4,53.6,14.6,-62.0,30.06,2992.3
187.84,187.35,30.0,3,8.71,9.4,53.6,14.6,-62.0,30.06,3028.1
188.35,188.36,30.0,3,8.71,9.5,53.6,14.6,-61.0,30.03,2990.8
188.85,188.36,30.0,3,8.71,9.5,53.6,14.6,-61.0,30.03,3029.1
189.35,189.38,30.0,3,8.67,9.7,54.0,14.6,-62.0,29.99,3018.4
189.86,189.38,30.0,3,8.67,9.7,54.0,14.6,-62.0,29.99,2981.4
190.36,190.39,30.0,3,8.67,7.3,53.1,14.5,-61.0,30.0,2987.0
190.86,190.39,30.0,3,8.67,7.3,53.1,14.5,-61.0,30.0,3023.0
191.37,191.4,30.0,3,11.03,9.0,53.6,14.5,-61.0,30.01,2986.8
191.86,191.4,30.0,3,11.03,9.0,53.6,14.5,-61.0,30.01,3030.9
192.36,192.42,30.0,3,11.03,8.7,54.0,14.5,-61.0,30.08,3000.8
192.86,192.42,30.0,3,11.03,8.7,54.0,14.5,-61.0,30.08,3016.6
193.38,193.43,30.0,3,8.44,9.4,52.6,14.5,-62.0,30.02,2965.1
193.88,193.43,30.0,3,8.44,9.4,52.6,14.5,-62.0,30.02,2993.0
194.38,194.45,30.0,3,8.44,9.9,53.1,14.5,-61.0,29.96,3021.0
194.88,194.45,30.0,3,8.44,9.9,53.1,14.5,-61.0,29.96,2988.2
195.39,195.46,30.0,3,10.71,8.0,52.6,14.5,-62.0,29.98,2989.0
195.88,195.46,30.0,3,10.71,8.0,52.6,14.5,-62.0,29.98,3038.5
196.38,196.47,30.0,3,10.71,10.1,52.1,14.5,-62.0,30.08,2982.6
196.88,196.47,30.0,3,10.71,10.1,52.1,14.5,-62.0,30.08,2977.5
197.39,197.49,30.0,3,6.93,8.1,53.1,14.5,-60.0,30.04,3007.8
197.9,197.49,30.0,3,6.93,8.1,53.1,14.5,-60.0,30.04,3014.0
198.4,198.5,30.0,3,6.93,7.6,53.6,14.5,-61.0,30.04,2996.4
198.9,198.5,30.0,3,6.93,7.6,53.6,14.5,-61.0,30.04,3053.0
199.42,199.52,30.0,3,10.05,9.4,53.1,14.5,-61.0,30.03,2987.2
199.9,199.52,30.0,3,10.05,9.4,53.1,14.5,-61.0,30.03,3027.5
200.4,200.53,30.0,3,10.05,9.9,54.0,14.5,-61.0,30.03,2970.2
200.9,200.53,30.0,3,10.05,9.9,54.0,14.5,-61.0,30.03,3004.5
201.41,201.54,30.0,3,9.66,8.3,53.1,14.5,-60.0,29.99,2991.6
201.91,201.54,30.0,3,9.66,8.3,53.1,14.5,-60.0,29.99,2985.2
202.41,202.56,30.0,3,9.66,8.3,52.6,14.5,-60.0,30.04,2992.0
202.92,202.56,30.0,3,9.66,8.3,52.6,14.5,-60.0,30.04,3009.9
203.42,203.57,30.0,3,10.55,8.6,53.1,14.5,-61.0,30.05,3011.7
203.91,203.57,30.0,3,10.55,8.6,53.1,14.5,-61.0,30.05,3004.5
204.42,204.58,30.0,3,10.55,8.5,53.1,14.5,-60.0,30.0,3032.5
204.92,204.58,30.0,3,10.55,8.5,53.1,14.5,-60.0,30.0,3031.4
205.43,205.59,30.0,3,9.59,8.3,53.1,14.5,-61.0,30.01,3021.0
205.93,205.59,30.0,3,9.59,8.3,53.1,14.5,-61.0,30.01,2986.1
206.43,206.6,30.0,3,9.59,8.3,53.1,14.6,-62.0,30.01,2993.8
206.94,206.6,30.0,3,9.59,8.3,53.1,14.6,-62.0,30.01,3007.7
207.44,207.62,30.0,3,12.18,10.0,53.1,14.5,-60.0,30.01,3027.3
207.93,207.62,30.0,3,12.18,10.0,53.1,14.5,-60.0,30.01,3006.1
208.44,208.63,30.0,3,12.18,8.7,52.6,14.6,-60.0,30.06,2986.6
208.94,208.63,30.0,3,12.18,8.7,52.6,14.6,-60.0,30.06,3015.6
209.44,209.65,30.0,3,13.78,8.9,53.1,14.5,-60.0,30.02,2969.7
209.95,209.65,30.0,3,13.78,8.9,53.1,14.5,-60.0,30.02,2998.4
210.47,210.66,30.0,3,13.78,8.3,53.1,14.5,-62.0,30.01,2992.4
210.95,210.66,30.0,3,13.78,8.3,53.1,14.5,-62.0,30.01,3007.1
211.45,211.67,30.0,3,12.85,8.3,52.6,14.5,-62.0,30.0,2986.1
211.95,211.67,30.0,3,12.85,8.3,52.6,14.5,-62.0,30.0,2994.9
212.45,212.68,30.0,3,12.85,9.4,53.6,14.5,-61.0,30.04,2999.7
212.95,212.68,30.0,3,12.85,9.4,53.6,14.5,-61.0,30.04,3009.8
213.47,213.7,30.0,3,12.03,8.7,52.6,14.5,-63.0,30.0,3007.6
213.97,213.7,30.0,3,12.03,8.7,52.6,14.5,-63.0,30.0,3025.0
214.48,214.71,30.0,3,12.03,7.8,52.6,14.5,-60.0,30.02,3004.1
214.97,214.71,30.0,3,12.03,7.8,52.6,14.5,-60.0,30.02,3017.3
215.52,215.72,30.0,3,5.66,9.9,52.6,14.5,-63.0,30.03,3042.0
215.97,215.72,30.0,3,5.66,9.9,52.6,14.5,-63.0,30.03,3029.4
216.47,216.73,30.0,3,5.66,9.2,53.1,14.5,-60.0,30.02,3000.6
216.97,216.73,30.0,3,5.66,9.2,53.1,14.5,-60.0,30.02,2985.1
217.48,217.75,30.0,3,7.86,9.0,52.6,14.5,-62.0,30.06,2988.1
217.98,217.75,30.0,3,7.86,9.0,52.6,14.5,-62.0,30.06,3012.2
218.49,218.76,30.0,3,7.86,9.2,53.1,14.5,-61.0,30.06,3001.1
219.0,218.76,30.0,3,7.86,9.2,53.1,14.5,-61.0,30.06,3025.1
219.49,219.78,30.0,3,12.77,6.6,52.6,14.5,-63.0,30.03,2992.3
219.99,219.78,30.0,3,12.77,6.6,52.6,14.5,-63.0,30.03,2981.9
220.49,220.79,30.0,3,12.77,7.8,54.0,14.5,-60.0,30.05,3009.0
220.99,220.79,30.0,3,12.77,7.8,54.0,14.5,-60.0,30.05,2991.5
221.5,221.8,30.0,3,11.1,9.9,53.6,14.5,-63.0,30.05,3006.2
222.01,221.8,30.0,3,11.1,9.9,53.6,14.5,-63.0,30.05,3038.4
222.51,222.81,30.0,3,11.1,9.2,53.1,14.5,-60.0,30.07,2975.2
223.01,222.81,30.0,3,11.1,9.2,53.1,14.5,-60.0,30.07,3014.9
223.51,223.82,30.0,3,13.04,9.0,52.1,14.5,-60.0,30.0,2982.7
224.0,223.82,30.0,3,13.04,9.0,52.1,14.5,-60.0,30.0,3003.0
224.51,224.84,30.0,3,13.04,8.8,53.1,14.5,-60.0,30.01,3001.3
225.01,224.84,30.0,3,13.04,8.8,53.1,14.5,-60.0,30.01,3010.7
225.52,225.85,30.0,3,15.8,8.7,53.6,14.5,-63.0,30.12,2999.7
226.02,225.85,30.0,3,15.8,8.7,53.6,14.5,-63.0,30.12,2988.8
226.52,226.86,30.0,3,15.8,8.5,53.1,14.5,-60.0,30.03,3005.7
227.02,226.86,30.0,3,15.8,8.5,53.1,14.5,-60.0,30.03,3014.7
227.52,227.88,30.0,3,5.52,7.8,53.1,14.5,-61.0,30.08,3011.2
228.02,227.88,30.0,3,5.52,7.8,53.1,14.5,-61.0,30.08,2994.7
228.53,228.89,30.0,3,5.52,7.6,53.1,14.6,-61.0,30.04,2985.7
229.03,228.89,30.0,3,5.52,7.6,53.1,14.6,-61.0,30.04,2976.2
229.53,229.9,30.0,3,8.4,9.5,53.6,14.6,-60.0,30.0,3001.2
230.04,229.9,30.0,3,8.4,9.5,53.6,14.6,-60.0,30.0,3013.4
230.54,230.91,30.0,3,8.4,9.2,53.6,14.6,-61.0,30.05,2995.1
231.05,230.91,30.0,3,8.4,9.2,53.6,14.6,-61.0,30.05,3045.9
231.54,231.92,30.0,3,18.05,9.2,53.1,14.5,-63.0,29.98,2992.0
232.04,231.92,30.0,3,18.05,9.2,53.1,14.5,-63.0,29.98,3019.3
232.54,232.94,30.0,3,18.05,8.0,52.6,14.5,-61.0,30.01,3027.0
233.04,232.94,30.0,3,18.05,8.0,52.6,14.5,-61.0,30.01,3007.4
233.55,233.95,30.0,3,8.26,8.5,52.6,14.5,-60.0,29.98,2983.0
234.08,233.95,30.0,3,8.26,8.5,52.6,14.5,-60.0,29.98,3014.1
234.56,234.96,30.0,3,8.26,8.1,53.1,14.6,-60.0,30.03,2992.5
235.06,234.96,30.0,3,8.26,8.1,53.1,14.6,-60.0,30.03,2978.0
235.57,235.97,30.0,3,17.31,7.8,54.0,14.6,-63.0,30.05,3011.1
236.06,235.97,30.0,3,17.31,7.8,54.0,14.6,-63.0,30.05,2988.1
236.56,236.99,30.0,3,17.31,9.5,53.6,14.6,-61.0,30.01,3016.6
237.07,236.99,30.0,3,5.96,9.5,53.6,14.6,-61.0,30.01,3020.8
237.57,238.0,30.0,3,5.96,8.3,53.6,14.6,-60.0,30.01,2972.7
238.07,238.0,30.0,3,5.96,8.3,53.6,14.6,-60.0,30.01,3014.8
238.58,239.01,30.0,3,5.96,9.2,54.0,14.6,-59.0,30.03,2977.3
239.07,239.01,30.0,3,9.08,9.2,54.0,14.6,-59.0,30.03,3008.3
239.58,239.01,30.0,3,9.08,9.2,54.0,14.6,-59.0,30.03,3012.4
240.08,240.03,30.0,3,9.08,9.9,52.1,14.5,-60.0,30.02,2999.4
240.58,240.03,30.0,3,9.08,9.9,52.1,14.5,-60.0,30.02,3011.0
241.08,241.04,30.0,3,5.54,6.9,53.6,14.5,-61.0,30.0,3000.8
241.59,241.04,30.0,3,5.54,6.9,53.6,14.5,-61.0,30.0,2987.1
242.1,242.05,30.0,3,5.54,8.0,53.6,14.5,-61.0,29.98,3003.2
242.59,242.05,30.0,3,5.54,8.0,53.6,14.5,-61.0,29.98,3001.4
243.1,243.06,30.0,3,10.17,7.8,53.1,14.6,-60.0,30.06,3006.1
243.6,243.06,30.0,3,10.17,7.8,53.1,14.6,-60.0,30.06,2993.5
244.09,244.07,30.0,3,10.17,9.2,53.6,14.6,-62.0,30.0,2998.9
244.6,244.07,30.0,3,10.17,9.2,53.6,14.6,-62.0,30.0,2991.1
245.1,245.09,30.0,3,9.85,8.3,53.1,14.6,-62.0,29.95,3023.2
245.6,245.09,30.0,3,9.85,8.3,53.1,14.6,-62.0,29.95,2993.1
246.11,246.1,30.0,3,9.85,9.3,52.1,14.5,-63.0,30.05,3019.6
246.62,246.1,30.0,3,9.85,9.3,52.1,14.5,-63.0,30.05,3013.4
247.11,247.11,30.0,3,11.14,9.4,52.6,14.6,-60.0,30.07,2980.6
247.61,247.11,30.0,3,11.14,9.4,52.6,14.6,-60.0,30.07,3003.2
248.11,248.13,30.0,3,11.14,8.5,53.1,14.6,-62.0,30.0,3018.2
248.61,248.13,30.0,3,11.14,8.5,53.1,14.6,-62.0,30.0,2993.1
249.12,249.14,30.0,3,12.48,9.0,53.1,14.6,-62.0,30.0,3009.7
249.63,249.14,30.0,3,12.48,9.0,53.1,14.6,-62.0,30.0,2970.3
250.14,250.15,30.0,3,12.48,7.1,52.6,14.6,-61.0,30.05,3002.2
250.63,250.15,29.5,4,12.48,7.1,52.6,14.6,-61.0,30.05,2967.2
251.13,251.16,29.5,4,13.17,9.9,52.1,14.6,-63.0,30.07,2966.8
251.63,251.16,29.5,4,13.17,9.9,52.1,14.6,-63.0,30.07,2932.9
252.13,252.17,29.5,4,13.17,9.7,53.6,14.6,-60.0,30.03,2946.4
252.63,252.17,30.0,4,13.17,9.7,53.6,14.6,-60.0,30.03,2978.7
253.13,253.19,30.0,4,10.28,9.2,53.1,14.6,-62.0,30.09,3007.1
253.64,253.19,30.0,4,10.28,9.2,53.1,14.6,-62.0,30.09,2997.8
254.14,254.2,30.0,4,10.28,10.4,53.1,14.6,-61.0,30.02,2995.5
254.65,254.2,30.0,4,10.28,10.4,53.1,14.6,-61.0,30.02,3004.9
255.15,255.21,30.0,4,11.0,9.0,53.6,14.6,-62.0,30.04,3015.1
255.65,255.21,30.0,4,11.0,9.0,53.6,14.6,-62.0,30.04,2996.7
256.15,256.24,30.0,4,11.0,8.9,52.6,14.5,-61.0,29.94,3026.8
256.65,256.24,30.0,4,11.0,8.9,52.6,14.5,-61.0,29.94,3010.7
257.15,257.25,30.0,4,6.95,7.8,53.6,14.6,-61.0,30.04,3006.0
257.66,257.25,30.0,4,6.95,7.8,53.6,14.6,-61.0,30.04,3012.7
258.17,258.27,30.0,4,6.95,8.1,53.1,14.6,-61.0,30.0,3005.4
258.66,258.27,30.0,4,6.95,8.1,53.1,14.6,-61.0,30.0,2979.6
259.17,259.28,30.0,4,12.01,9.0,53.1,14.6,-60.0,30.04,2986.9
259.66,259.28,30.0,4,12.01,9.0,53.1,14.6,-60.0,30.04,3018.9
260.16,260.29,30.0,4,12.01,9.2,53.6,14.6,-62.0,30.05,3000.0
260.67,260.29,30.0,4,12.01,9.2,53.6,14.6,-62.0,30.05,2983.7
261.17,261.3,30.0,4,8.75,8.5,53.1,14.6,-61.0,29.98,2997.6
261.68,261.3,30.0,4,8.75,8.5,53.1,14.6,-61.0,29.98,3032.1
262.18,262.31,30.0,4,8.75,9.5,53.1,14.6,-60.0,29.93,2988.4
262.69,262.31,30.0,4,8.75,9.5,53.1,14.6,-60.0,29.93,3043.2
263.18,263.32,30.0,4,9.75,8.3,54.5,14.6,-59.0,30.03,3018.6
263.68,263.32,30.0,4,9.75,8.3,54.5,14.6,-59.0,30.03,2987.5
264.19,264.33,30.0,4,9.75,8.5,53.1,14.6,-61.0,29.98,3021.8
264.69,264.33,30.0,4,9.75,8.5,53.1,14.6,-61.0,29.98,2981.9
265.19,265.35,30.0,4,8.82,8.5,53.6,14.6,-63.0,30.06,2986.4
265.7,265.35,30.0,4,8.82,8.5,53.6,14.6,-63.0,30.06,2984.5
266.2,266.36,30.0,4,8.82,9.0,53.1,14.6,-60.0,30.01,2984.8
266.7,266.36,30.0,4,8.82,9.0,53.1,14.6,-60.0,30.01,2992.4
267.21,267.37,30.0,4,18.29,9.2,53.6,14.6,-60.0,30.01,3027.3
267.7,267.37,30.0,4,18.29,9.2,53.6,14.6,-60.0,30.01,2988.2
268.2,268.38,30.0,4,18.29,9.5,53.6,14.6,-61.0,30.01,2989.9
268.7,268.38,30.0,4,18.29,9.5,53.6,14.6,-61.0,30.01,2989.2
269.2,269.4,30.0,4,7.06,9.0,52.6,14.6,-61.0,30.02,2983.8
269.72,269.4,30.0,4,7.06,9.0,52.6,14.6,-61.0,30.02,3036.6
270.23,270.41,30.0,4,7.06,9.2,52.6,14.6,-63.0,29.94,3020.5
270.72,270.41,30.0,4,7.06,9.2,52.6,14.6,-63.0,29.94,3017.7
271.22,271.42,30.0,4,11.0,7.1,54.0,14.6,-62.0,30.05,3029.0
271.72,271.42,30.0,4,11.0,7.1,54.0,14.6,-62.0,30.05,2980.5
272.22,272.43,30.0,4,11.0,8.0,53.1,14.6,-64.0,30.07,3040.1
272.72,272.43,30.0,4,11.0,8.0,53.1,14.6,-64.0,30.07,3010.1
273.22,273.44,30.0,4,9.54,8.5,53.6,14.6,-61.0,30.0,2992.3
273.73,273.44,30.0,4,9.54,8.5,53.6,14.6,-61.0,30.0,2992.1
274.23,274.46,30.0,4,9.54,8.7,53.6,14.6,-60.0,29.98,3005.2
274.74,274.46,30.0,4,9.54,8.7,53.6,14.6,-60.0,29.98,2779.6
275.24,275.47,30.0,4,9.52,8.7,53.6,14.6,-62.0,29.97,2989.8
275.74,275.47,30.0,4,9.52,8.7,53.6,14.6,-62.0,29.97,3002.4
276.24,276.49,30.0,4,9.52,9.9,52.6,14.6,-60.0,30.0,2997.7
276.74,276.49,30.0,4,9.52,9.9,52.6,14.6,-60.0,30.0,3007.3
277.24,277.5,30.0,4,8.83,8.7,53.6,14.6,-62.0,30.02,3044.5
277.75,277.5,30.0,4,8.83,8.7,53.6,14.6,-62.0,30.02,2823.4
278.26,278.52,30.0,4,8.83,8.3,53.6,14.6,-61.0,30.0,2991.3
278.76,278.52,30.0,4,8.83,8.3,53.6,14.6,-61.0,30.0,2816.3
279.27,279.53,30.0,4,8.83,7.6,53.6,14.6,-59.0,29.96,3019.1
279.75,279.53,30.0,4,8.83,7.6,53.6,14.6,-59.0,29.96,2976.8
280.26,280.54,30.0,4,8.83,8.7,52.1,14.5,-61.0,30.03,2990.0
280.76,280.54,30.0,4,8.83,8.7,52.1,14.5,-61.0,30.03,2790.7
281.26,281.56,30.0,4,8.15,9.5,53.6,14.5,-62.0,30.02,2958.9
281.77,281.56,30.0,4,8.15,9.5,53.6,14.5,-62.0,30.02,2835.7
282.27,282.57,30.0,4,8.15,9.2,53.1,14.5,-60.0,29.95,2991.4
282.78,282.57,30.0,4,8.15,9.2,53.1,14.5,-60.0,29.95,3014.2
283.27,283.58,30.0,4,9.39,8.7,53.6,14.5,-62.0,30.01,3016.0
283.77,283.58,30.0,4,9.39,8.7,53.6,14.5,-62.0,30.01,2993.9
284.27,284.6,30.0,4,9.39,9.0,52.6,14.5,-61.0,30.02,3018.1
284.78,284.6,30.0,4,9.39,9.0,52.6,14.5,-61.0,30.02,2981.3
285.28,285.61,30.0,4,53.51,9.2,54.0,14.5,-61.0,30.01,2994.0
285.79,285.61,30.0,4,53.51,9.2,54.0,14.5,-61.0,30.01,2966.2
286.29,286.62,30.0,4,53.51,7.6,53.6,14.5,-63.0,30.01,2981.5
286.79,286.62,30.0,4,53.51,7.6,53.6,14.5,-63.0,30.01,3005.2
287.29,287.64,30.0,4,9.23,9.2,53.6,14.6,-63.0,30.01,2998.7
287.79,287.64,30.0,4,9.23,9.2,53.6,14.6,-63.0,30.01,3066.8
288.29,288.66,30.0,4,9.23,8.5,52.6,14.6,-62.0,30.01,2971.9
288.83,288.66,30.0,4,9.23,8.5,52.6,14.6,-62.0,30.01,3058.2
289.3,289.67,30.0,4,8.33,9.7,53.6,14.6,-61.0,30.01,2989.6
289.8,289.67,30.0,4,8.33,9.7,53.6,14.6,-61.0,30.01,3025.9
290.31,290.68,30.0,4,8.33,9.2,52.6,14.6,-61.0,30.01,3014.8
290.82,290.68,30.0,4,8.33,9.2,52.6,14.6,-61.0,30.01,3013.0
291.31,291.69,30.0,4,6.07,9.2,52.6,14.6,-61.0,30.04,3035.9
291.81,291.69,30.0,4,6.07,9.2,52.6,14.6,-61.0,30.04,2990.0
292.31,292.71,30.0,4,6.07,8.3,53.1,14.6,-61.0,30.03,2986.6
292.81,292.71,30.0,4,6.07,8.3,53.1,14.6,-61.0,30.03,3004.2
293.33,293.72,30.0,4,9.69,7.8,52.6,14.6,-62.0,30.07,2985.3
293.83,293.72,30.0,4,9.69,7.8,52.6,14.6,-62.0,30.07,3008.2
294.33,294.73,30.0,4,9.69,9.0,53.1,14.6,-60.0,30.02,3009.2
294.83,294.73,30.0,4,9.69,9.0,53.1,14.6,-60.0,30.02,2972.2
295.33,295.75,30.0,4,10.57,9.0,53.1,14.6,-61.0,29.99,2966.0
295.83,295.75,30.0,4,10.57,9.0,53.1,14.6,-61.0,29.99,3010.9
296.33,296.76,30.0,4,10.57,9.7,53.1,14.6,-61.0,30.01,2982.5
296.83,296.76,30.0,4,10.57,9.7,53.1,14.6,-61.0,30.01,3059.8
297.33,296.76,30.0,4,10.17,9.7,53.1,14.6,-61.0,30.01,3012.5
297.84,297.78,30.0,4,10.17,8.7,52.6,14.6,-61.0,30.01,3001.0
298.34,297.78,30.0,4,10.17,8.7,52.6,14.6,-61.0,30.01,2990.5
298.85,298.8,30.0,4,10.17,9.2,53.6,14.6,-60.0,30.03,2971.6
299.35,298.8,30.0,4,7.0,9.2,53.6,14.6,-60.0,30.03,3025.1
299.84,299.81,30.0,4,7.0,8.5,53.6,14.5,-61.0,30.04,3016.3
300.35,299.81,30.0,4,7.0,8.5,53.6,14.5,-61.0,30.04,2985.4
300.86,300.82,30.0,4,7.0,7.9,53.6,14.5,-62.0,30.11,3035.8
301.36,300.82,30.0,4,9.09,7.9,53.6,14.5,-62.0,30.11,3006.7
301.86,301.83,30.0,4,9.09,9.4,52.6,14.5,-63.0,29.97,3072.9
302.36,301.83,30.0,4,9.09,9.4,52.6,14.5,-63.0,29.97,3005.5
302.87,302.85,30.0,4,9.09,9.4,53.6,14.5,-62.0,29.97,2985.1
303.37,302.85,30.0,4,9.65,9.4,53.6,14.5,-62.0,29.97,3000.6
303.86,303.86,30.0,4,9.65,9.3,53.6,14.5,-59.0,30.03,2963.5
304.36,303.86,30.0,4,9.65,9.3,53.6,14.5,-59.0,30.03,2985.0
304.87,304.87,30.0,4,9.65,9.4,53.1,14.5,-60.0,29.97,3040.4
305.37,304.87,30.0,4,9.94,9.4,53.1,14.5,-60.0,29.97,2996.2
305.88,305.88,30.0,4,9.94,8.6,52.1,14.6,-62.0,30.04,3048.3
306.39,305.88,30.0,4,9.94,8.6,52.1,14.6,-62.0,30.04,2992.8
306.89,306.9,30.0,4,9.94,9.4,53.6,14.6,-60.0,30.03,3010.8
307.39,306.9,30.0,4,7.0,9.4,53.6,14.6,-60.0,30.03,3009.4
307.88,307.91,30.0,4,7.0,8.7,53.6,14.6,-62.0,30.03,2968.7
308.38,307.91,30.0,4,7.0,8.7,53.6,14.6,-62.0,30.03,3000.5
308.88,308.93,30.0,4,7.0,8.3,52.1,14.5,-60.0,30.03,3019.3
309.4,308.93,30.0,4,5.96,8.3,52.1,14.5,-60.0,30.03,3011.9
309.94,309.94,30.0,4,5.96,8.3,53.6,14.5,-61.0,30.03,3062.8
310.4,309.94,30.0,4,5.96,8.3,53.6,14.5,-61.0,30.03,3024.0
310.9,310.95,30.0,4,5.96,9.0,53.6,14.5,-60.0,29.99,2988.4
311.4,310.95,30.0,4,12.45,9.0,53.6,14.5,-60.0,29.99,2991.3
311.9,311.96,30.0,4,12.45,8.7,53.1,14.5,-62.0,30.05,3005.3
312.4,311.96,30.0,4,12.45,8.7,53.1,14.5,-62.0,30.05,3004.2
312.9,312.97,30.0,4,12.45,8.7,52.1,14.5,-62.0,29.98,3037.5
313.42,312.97,30.0,4,5.05,8.7,52.1,14.5,-62.0,29.98,2973.1
313.91,313.98,30.0,4,5.05,9.9,53.6,14.5,-61.0,30.01,3020.2
314.42,313.98,30.0,4,5.05,9.9,53.6,14.5,-61.0,30.01,2975.5
314.92,314.99,30.0,4,5.05,10.2,53.1,14.5,-62.0,30.05,2998.9
315.42,314.99,30.0,4,6.8,10.2,53.1,14.5,-62.0,30.05,2981.1
315.91,316.01,30.0,4,6.8,7.1,53.1,14.5,-61.0,30.02,2978.9
316.42,316.01,30.0,4,6.8,7.1,53.1,14.5,-61.0,30.02,2986.9
316.92,317.02,30.0,4,6.8,9.2,53.6,14.5,-61.0,30.02,2995.0
317.43,317.02,30.0,4,9.26,9.2,53.6,14.5,-61.0,30.02,3016.2
317.93,318.03,30.0,4,9.26,8.1,53.1,14.6,-62.0,30.02,3052.7
318.44,318.03,30.0,4,9.26,8.1,53.1,14.6,-62.0,30.02,3007.5
318.94,319.04,30.0,4,9.26,8.0,53.1,14.6,-61.0,30.03,3014.5
319.44,319.04,30.0,4,9.71,8.0,53.1,14.6,-61.0,30.03,2992.4
319.93,320.06,30.0,4,9.71,9.4,53.6,14.5,-60.0,30.0,2991.9
320.43,320.06,30.0,4,9.71,9.4,53.6,14.5,-60.0,30.0,2983.8
320.94,321.07,30.0,4,9.71,8.7,53.6,14.5,-60.0,30.02,3008.1
321.45,321.07,30.0,4,5.59,8.7,53.6,14.5,-60.0,30.02,2985.7
321.96,322.08,30.0,4,5.59,6.6,53.6,14.5,-62.0,29.97,2982.1
322.45,322.08,30.0,4,5.59,6.6,53.6,14.5,-62.0,29.97,3001.3
322.96,323.1,30.0,4,5.59,9.2,52.1,14.6,-60.0,30.01,3017.2
323.45,323.1,30.0,4,8.58,9.2,52.1,14.6,-60.0,30.01,3003.7
323.95,324.11,30.0,4,8.58,8.5,52.6,14.6,-61.0,30.03,3016.1
324.45,324.11,30.0,4,8.58,8.5,52.6,14.6,-61.0,30.03,3003.9
324.95,325.12,30.0,4,8.58,9.7,54.0,14.6,-62.0,30.06,2976.4
325.48,325.12,30.0,4,8.67,9.7,54.0,14.6,-62.0,30.06,2975.5
325.96,326.14,29.5,5,8.67,9.1,52.6,14.5,-61.0,30.0,2958.7
326.47,326.14,29.5,5,8.67,9.1,52.6,14.5,-61.0,30.0,2965.7
326.97,327.16,29.5,5,8.67,8.2,54.0,14.5,-61.0,30.1,2952.9
327.48,327.16,29.5,5,6.98,8.2,54.0,14.5,-61.0,30.1,2971.2
327.97,328.17,30.0,5,6.98,9.0,53.1,14.6,-61.0,30.01,3001.5
328.47,328.17,30.0,5,6.98,9.0,53.1,14.6,-61.0,30.01,3009.4
328.97,329.19,30.0,5,6.98,8.3,52.6,14.6,-65.0,30.09,3004.3
329.48,329.19,30.0,5,11.74,8.3,52.6,14.6,-65.0,30.09,3005.2
329.99,330.2,30.0,5,11.74,6.6,52.6,14.6,-61.0,30.0,2995.5
330.49,330.2,30.0,5,11.74,6.6,52.6,14.6,-61.0,30.0,3020.7
331.0,331.21,30.0,5,11.74,8.6,52.6,14.6,-62.0,29.94,3020.9
331.49,331.21,30.0,5,11.03,8.6,52.6,14.6,-62.0,29.94,2986.6
331.99,332.22,30.0,5,11.03,9.2,52.6,14.6,-61.0,30.1,2955.3
332.49,332.22,30.0,5,11.03,9.2,52.6,14.6,-61.0,30.1,3008.7
332.99,333.24,30.0,5,11.03,9.0,53.1,14.6,-61.0,30.02,2933.8
333.5,333.24,30.0,5,8.0,9.0,53.1,14.6,-61.0,30.02,2991.9
334.01,334.25,30.0,5,8.0,9.7,52.6,14.6,-62.0,30.04,3007.4
334.51,334.25,30.0,5,8.0,9.7,52.6,14.6,-62.0,30.04,2981.9
335.0,335.26,30.0,5,8.0,7.1,52.6,14.6,-62.0,30.01,3006.6
335.5,335.26,30.0,5,6.73,7.1,52.6,14.6,-62.0,30.01,3032.2
336.01,336.27,30.0,5,6.73,8.1,52.6,14.6,-60.0,29.97,3005.2
336.51,336.27,30.0,5,6.73,8.1,52.6,14.6,-60.0,29.97,2997.8
337.01,337.28,30.0,5,6.73,8.3,53.1,14.6,-61.0,30.02,3008.8
337.52,337.28,30.0,5,7.34,8.3,53.1,14.6,-61.0,30.02,2983.2
338.02,338.29,30.0,5,7.34,8.0,53.1,14.6,-61.0,30.0,3003.0
338.52,338.29,30.0,5,7.34,8.0,53.1,14.6,-61.0,30.0,2979.2
339.02,339.31,30.0,5,7.34,9.0,52.6,14.6,-61.0,30.03,2996.6
339.52,339.31,30.0,5,9.65,9.0,52.6,14.6,-61.0,30.03,2999.3
340.02,340.32,30.0,5,9.65,7.5,52.1,14.6,-61.0,30.06,2988.4
340.53,340.32,30.0,5,9.65,7.5,52.1,14.6,-61.0,30.06,3001.1
341.03,341.33,30.0,5,9.65,8.5,53.1,14.6,-61.0,30.0,2990.9
341.54,341.33,30.0,5,12.31,8.5,53.1,14.6,-61.0,30.0,2814.3
342.04,342.34,30.0,5,12.31,9.7,53.6,14.6,-60.0,30.02,2985.9
342.54,342.34,30.0,5,12.31,9.7,53.6,14.6,-60.0,30.02,2836.0
343.04,343.35,30.0,5,12.31,8.7,52.6,14.6,-61.0,30.01,2995.0
343.55,343.35,30.0,5,9.35,8.7,52.6,14.6,-61.0,30.01,2987.9
344.04,344.36,30.0,5,9.35,8.3,52.6,14.6,-65.0,30.01,2996.0
344.54,344.36,30.0,5,9.35,8.3,52.6,14.6,-65.0,30.01,2989.7
345.05,345.37,30.0,5,9.35,8.3,53.6,14.6,-61.0,30.08,2994.6
345.55,345.37,30.0,5,7.7,8.3,53.6,14.6,-61.0,30.08,3024.7
346.06,346.38,30.0,5,7.7,8.7,52.6,14.5,-63.0,30.01,3023.4
346.56,346.38,30.0,5,7.7,8.7,52.6,14.5,-63.0,30.01,3005.9
347.07,347.4,30.0,5,7.7,9.0,52.6,14.5,-60.0,30.06,3026.5
347.56,347.4,30.0,5,10.82,9.0,52.6,14.5,-60.0,30.06,2952.3
348.06,348.41,30.0,5,10.82,9.0,52.6,14.6,-61.0,30.01,2987.6
348.56,348.41,30.0,5,10.82,9.0,52.6,14.6,-61.0,30.01,2989.2
349.06,349.43,30.0,5,10.82,8.9,52.1,14.6,-61.0,29.91,3002.2
349.57,349.43,30.0,5,9.18,8.9,52.1,14.6,-61.0,29.91,3004.8
350.07,350.44,30.0,5,9.18,9.7,52.6,14.5,-61.0,30.02,3001.5
350.57,350.44,30.0,5,9.18,9.7,52.6,14.5,-61.0,30.02,3034.8
351.08,351.45,30.0,5,9.18,9.0,54.0,14.5,-64.0,30.01,2970.5
351.59,351.45,30.0,5,5.8,9.0,54.0,14.5,-64.0,30.01,2990.4
352.08,352.47,30.0,5,5.8,6.9,53.1,14.5,-60.0,30.06,2995.3
352.58,352.47,30.0,5,5.8,6.9,53.1,14.5,-60.0,30.06,2972.6
353.08,353.48,30.0,5,5.8,8.3,52.6,14.5,-60.0,30.02,3020.2
353.59,353.48,30.0,5,7.51,8.3,52.6,14.5,-60.0,30.02,2984.2
354.09,354.49,30.0,5,7.51,9.2,54.0,14.6,-60.0,30.03,2996.8
354.6,354.49,30.0,5,7.51,9.2,54.0,14.6,-60.0,30.03,2996.2
355.1,355.5,30.0,5,7.51,8.8,53.1,14.6,-60.0,29.98,2994.1
355.59,355.5,30.0,5,7.4,8.8,53.1,14.6,-60.0,29.98,3029.8
356.1,356.51,30.0,5,7.4,8.5,53.6,14.6,-63.0,30.01,2986.0
356.6,356.51,30.0,5,7.4,8.5,53.6,14.6,-63.0,30.01,3020.7
357.1,357.52,30.0,5,7.4,8.9,54.0,14.6,-60.0,30.02,3000.2
357.61,357.52,30.0,5,38.61,8.9,54.0,14.6,-60.0,30.02,3058.2
358.12,358.54,30.0,5,38.61,10.3,52.6,14.6,-61.0,30.04,2986.0
358.61,358.54,30.0,5,38.61,10.3,52.6,14.6,-61.0,30.04,2986.0
359.13,359.55,30.0,5,38.61,8.0,53.1,14.5,-61.0,30.01,3011.5
359.62,359.55,30.0,5,11.29,8.0,53.1,14.5,-61.0,30.01,3032.9
360.12,360.56,30.0,5,11.29,7.3,53.6,14.5,-62.0,30.01,3024.1
360.62,360.56,30.0,5,11.29,7.3,53.6,14.5,-62.0,30.01,2794.3
361.12,361.57,30.0,5,11.29,9.2,52.6,14.5,-62.0,30.01,3031.7
361.63,361.57,30.0,5,10.0,9.2,52.6,14.5,-62.0,30.01,2739.6
362.13,361.57,30.0,5,10.0,9.2,52.6,14.5,-62.0,30.01,3090.1
362.63,362.58,30.0,5,10.0,9.0,52.6,14.6,-61.0,30.04,2822.6
363.13,362.58,30.0,5,10.0,9.0,52.6,14.6,-61.0,30.04,3067.9
363.64,363.6,30.0,5,11.7,8.5,53.6,14.6,-61.0,29.98,2985.2
364.13,363.6,30.0,5,11.7,8.5,53.6,14.6,-61.0,29.98,3015.1
364.63,364.61,30.0,5,11.7,8.5,53.6,14.6,-59.0,30.0,2973.0
365.13,364.61,30.0,5,11.7,8.5,53.6,14.6,-59.0,30.0,2991.3
365.65,365.62,30.0,5,11.46,8.7,53.1,14.6,-60.0,30.09,3011.4
366.15,365.62,30.0,5,11.46,8.7,53.1,14.6,-60.0,30.09,3011.0
366.65,366.63,30.0,5,11.46,10.8,53.1,14.6,-65.0,29.99,3003.8
367.15,366.63,30.0,5,11.46,10.8,53.1,14.6,-65.0,29.99,3027.2
367.67,367.64,30.0,5,8.05,8.5,53.6,14.5,-60.0,30.0,2991.4
368.15,367.64,30.0,5,8.05,8.5,53.6,14.5,-60.0,30.0,2998.1
368.65,368.66,30.0,5,8.05,7.6,53.1,14.6,-61.0,29.96,2989.4
369.15,368.66,30.0,5,8.05,7.6,53.1,14.6,-61.0,29.96,2977.2
369.66,369.68,30.0,5,8.77,8.8,53.6,14.6,-60.0,30.03,3025.7
370.17,369.68,30.0,5,8.77,8.8,53.6,14.6,-60.0,30.03,3015.4
370.67,370.69,30.0,5,8.77,9.6,53.1,14.6,-61.0,30.06,3007.4
371.16,370.69,30.0,5,8.77,9.6,53.1,14.6,-61.0,30.06,3033.2
371.67,371.7,30.0,5,7.12,9.2,52.1,14.6,-60.0,30.06,2996.7
372.17,371.7,30.0,5,7.12,9.2,52.1,14.6,-60.0,30.06,2982.6
372.67,372.71,30.0,5,7.12,10.1,53.1,14.6,-61.0,29.95,2975.5
373.17,372.71,30.0,5,7.12,10.1,53.1,14.6,-61.0,29.95,3001.7
373.69,373.73,30.0,5,6.75,8.0,53.1,14.5,-60.0,30.03,3008.6
374.18,373.73,30.0,5,6.75,8.0,53.1,14.5,-60.0,30.03,3003.4
374.68,374.74,30.0,5,6.75,8.7,53.6,14.6,-59.0,30.06,3017.8
375.18,374.74,30.0,5,6.75,8.7,53.6,14.6,-59.0,30.06,3006.0
375.68,375.75,30.0,5,9.37,8.7,52.6,14.6,-60.0,30.06,2983.1
376.19,375.75,30.0,5,9.37,8.7,52.6,14.6,-60.0,30.06,2986.8
376.69,376.76,30.0,5,9.37,7.8,53.6,14.5,-62.0,30.0,2997.7
377.19,376.76,30.0,5,9.37,7.8,53.6,14.5,-62.0,30.0,3011.7
377.71,377.78,30.0,5,8.78,8.8,53.1,14.6,-60.0,30.01,3009.3
378.21,377.78,30.0,5,8.78,8.8,53.1,14.6,-60.0,30.01,3009.8
378.71,378.79,30.0,5,8.78,9.2,52.6,14.6,-61.0,30.09,2979.3
379.21,378.79,30.0,5,8.78,9.2,52.6,14.6,-61.0,30.09,2985.5
379.7,379.81,30.0,5,5.67,8.5,53.1,14.6,-62.0,30.04,3000.6
380.2,379.81,30.0,5,5.67,8.5,53.1,14.6,-62.0,30.04,2978.9
380.71,380.82,30.0,5,5.67,9.9,52.6,14.6,-61.0,29.92,2998.2
381.21,380.82,30.0,5,5.67,9.9,52.6,14.6,-61.0,29.92,2999.5
381.72,381.83,30.0,5,9.93,7.8,52.6,14.6,-61.0,30.02,2995.1
382.22,381.83,30.0,5,9.93,7.8,52.6,14.6,-61.0,30.02,3013.2
382.72,382.84,30.0,5,9.93,9.2,52.6,14.6,-64.0,30.07,2997.1
383.22,382.84,30.0,5,9.93,9.2,52.6,14.6,-64.0,30.07,3000.3
383.72,383.86,30.0,5,7.32,7.8,53.1,14.6,-60.0,30.03,2829.3
384.22,383.86,30.0,5,7.32,7.8,53.1,14.6,-60.0,30.03,3000.6
384.72,384.86,30.0,5,7.32,7.4,52.6,14.6,-60.0,30.05,3038.4
385.22,384.86,30.0,5,7.32,7.4,52.6,14.6,-60.0,30.05,2997.7
385.73,385.88,30.0,5,7.42,8.6,52.1,14.5,-60.0,30.01,2998.3
386.23,385.88,30.0,5,7.42,8.6,52.1,14.5,-60.0,30.01,3033.8
386.74,386.89,30.0,5,7.42,8.5,52.6,14.6,-60.0,29.96,2967.1
387.24,386.89,30.0,5,7.42,8.5,52.6,14.6,-60.0,29.96,3015.0
387.74,387.9,30.0,5,17.85,8.8,52.6,14.6,-62.0,29.95,2979.0
388.24,387.9,30.0,5,17.85,8.8,52.6,14.6,-62.0,29.95,2995.7
388.74,388.91,30.0,5,17.85,9.0,53.1,14.6,-61.0,30.01,3005.7
389.24,388.91,30.0,5,17.85,9.0,53.1,14.6,-61.0,30.01,3000.6
389.75,389.94,30.0,5,9.63,8.5,52.6,14.6,-62.0,29.97,2802.2
390.25,389.94,30.0,5,9.63,8.5,52.6,14.6,-62.0,29.97,2996.3
390.78,390.95,30.0,5,9.63,7.8,52.6,14.6,-59.0,30.07,2928.3
391.26,390.95,30.0,5,9.63,7.8,52.6,14.6,-59.0,30.07,3019.3
391.76,391.96,30.0,5,5.93,7.8,52.6,14.6,-62.0,30.0,2915.6
392.26,391.96,30.0,5,5.93,7.8,52.6,14.6,-62.0,30.0,3007.2
392.76,392.97,30.0,5,5.93,8.8,53.1,14.6,-60.0,29.97,2986.8
393.26,392.97,30.0,5,5.93,8.8,53.1,14.6,-60.0,29.97,3004.1
393.78,393.99,30.0,5,6.87,8.3,53.1,14.6,-62.0,30.07,3016.5
394.28,393.99,30.0,5,6.87,8.3,53.1,14.6,-62.0,30.07,2989.0
394.78,395.0,30.0,5,6.87,8.7,53.6,14.6,-62.0,29.98,3048.1
395.28,395.0,30.0,5,6.87,8.7,53.6,14.6,-62.0,29.98,2984.5
395.78,396.01,30.0,5,13.72,9.9,52.6,14.5,-60.0,30.01,3014.8
396.28,396.01,30.0,5,13.72,9.9,52.6,14.5,-60.0,30.01,3001.8
396.78,397.02,30.0,5,13.72,9.5,51.6,14.6,-61.0,30.01,3014.1
397.28,397.02,30.0,5,13.72,9.5,51.6,14.6,-61.0,30.01,2989.7
397.79,398.04,30.0,5,14.74,9.2,52.6,14.5,-61.0,30.07,2985.5
398.3,398.04,30.0,5,14.74,9.2,52.6,14.5,-61.0,30.07,3017.2
398.79,399.05,30.0,5,14.74,8.0,52.6,14.6,-60.0,30.07,2971.3
399.3,399.05,30.0,5,14.74,8.0,52.6,14.6,-60.0,30.07,3029.8
399.79,400.06,30.0,5,16.54,8.3,52.6,14.5,-62.0,30.01,2985.3
400.29,400.06,30.0,5,16.54,8.3,52.6,14.5,-62.0,30.01,2996.2
400.8,401.08,30.0,5,16.54,8.0,52.6,14.5,-63.0,30.03,3035.6
401.3,401.08,30.0,5,16.54,8.0,52.6,14.5,-63.0,30.03,2999.5
401.82,402.09,30.0,5,11.22,8.5,52.6,14.5,-61.0,29.99,3040.5
402.31,402.09,30.0,5,11.22,8.5,52.6,14.5,-61.0,29.99,3001.6
402.81,403.1,30.0,5,11.22,8.9,52.1,14.5,-62.0,30.09,3019.6
403.31,403.1,30.0,5,11.22,8.9,52.1,14.5,-62.0,30.09,2984.1
403.81,404.11,30.0,5,10.59,8.7,52.6,14.5,-60.0,30.02,2953.6
404.31,404.11,30.0,5,10.59,8.7,52.6,14.5,-60.0,30.02,2996.1
404.81,405.13,30.0,5,10.59,8.8,52.6,14.5,-60.0,30.06,3109.5
405.32,405.13,30.0,5,10.59,8.8,52.6,14.5,-60.0,30.06,3002.8
405.82,406.14,30.0,5,7.82,8.8,52.6,14.5,-63.0,30.02,2912.3
406.33,406.14,30.0,5,7.82,8.8,52.6,14.5,-63.0,30.02,3012.2
406.83,407.15,30.0,5,7.82,7.3,51.6,14.5,-62.0,30.02,2997.2
407.34,407.15,30.0,5,7.82,7.3,51.6,14.5,-62.0,30.02,3005.9
407.83,408.17,30.0,5,9.05,8.5,52.6,14.5,-63.0,30.04,3139.1
408.33,408.17,30.0,5,9.05,8.5,52.6,14.5,-63.0,30.04,2969.3
408.83,409.18,30.0,5,9.05,8.7,52.1,14.5,-60.0,30.0,2952.5
409.35,409.18,30.0,5,9.05,8.7,52.1,14.5,-60.0,30.0,2978.5
409.85,410.19,30.0,5,10.66,9.2,52.6,14.5,-61.0,30.04,2910.9
410.34,410.19,30.0,5,10.66,9.2,52.6,14.5,-61.0,30.04,3012.5
410.85,411.2,30.0,5,10.66,9.3,52.6,14.5,-62.0,30.08,3083.7
411.35,411.2,30.0,5,10.66,9.3,52.6,14.5,-62.0,30.08,3001.0
411.84,412.22,30.0,5,9.37,7.3,52.1,14.5,-62.0,30.01,3037.4
412.35,412.22,30.0,5,9.37,7.3,52.1,14.5,-62.0,30.01,2994.4
412.85,413.23,30.0,5,9.37,9.7,51.6,14.5,-60.0,30.01,3037.2
413.36,413.23,30.0,5,9.37,9.7,51.6,14.5,-60.0,30.01,2997.5
413.86,414.24,30.0,5,12.68,9.2,52.6,14.5,-63.0,30.03,2994.3
414.37,414.24,30.0,5,12.68,9.2,52.6,14.5,-63.0,30.03,2969.7
414.87,415.25,30.0,5,12.68,6.4,52.1,14.5,-62.0,29.96,2888.6
415.37,415.25,30.0,5,12.68,6.4,52.1,14.5,-62.0,29.96,2987.7
415.86,416.27,30.0,5,9.19,9.0,52.1,14.5,-61.0,29.99,3066.1
416.36,416.27,30.0,5,9.19,9.0,52.1,14.5,-61.0,29.99,3011.1
416.87,417.28,30.0,5,9.19,9.0,52.6,14.5,-62.0,30.04,3104.0
417.37,417.28,30.0,5,9.19,9.0,52.6,14.5,-62.0,30.04,3026.4
417.89,418.29,30.0,5,13.3,8.5,51.6,14.5,-64.0,29.99,2982.3
418.38,418.29,30.0,5,13.3,8.5,51.6,14.5,-64.0,29.99,3001.7
418.88,419.3,30.0,5,13.3,8.9,52.6,14.5,-60.0,30.0,2968.0
419.39,419.3,30.0,5,13.3,8.9,52.6,14.5,-60.0,30.0,2956.7
419.88,420.32,30.0,5,8.38,8.5,53.6,14.5,-61.0,30.02,2986.1
420.38,420.32,30.0,5,8.38,8.5,53.6,14.5,-61.0,30.02,2988.5
420.89,421.33,30.0,5,8.38,9.7,53.1,14.5,-61.0,30.01,2989.2
421.39,421.33,30.0,5,8.38,9.7,53.1,14.5,-61.0,30.01,3010.0
421.89,422.34,30.0,5,7.71,7.9,53.1,14.5,-61.0,29.97,2957.2
422.4,422.34,30.0,5,7.71,7.9,53.1,14.5,-61.0,29.97,3002.9
422.91,423.35,30.0,5,7.71,11.3,52.6,14.6,-59.0,30.19,3009.8
423.4,423.35,30.0,5,7.71,11.3,52.6,14.6,-59.0,30.19,3004.5
423.9,424.36,30.0,5,7.32,6.7,52.1,14.7,-60.0,30.23,3003.3
424.4,424.36,30.0,5,7.32,6.7,52.1,14.7,-60.0,30.23,2978.2
424.9,425.37,30.0,5,7.32,6.7,54.0,14.7,-59.0,30.03,2942.5
425.41,425.37,30.0,5,7.32,6.7,54.0,14.7,-59.0,30.03,2969.1
425.91,426.38,30.0,5,8.69,6.0,53.6,14.7,-61.0,30.01,2993.8
426.43,426.38,30.0,5,8.69,6.0,53.6,14.7,-61.0,30.01,3009.0
426.92,427.38,30.0,5,8.69,5.7,53.1,14.7,-61.0,30.0,2999.7
427.42,427.38,30.0,5,8.69,5.7,53.1,14.7,-61.0,30.0,3000.5
427.92,428.39,30.0,5,10.89,5.8,54.0,14.7,-60.0,29.77,3055.2
428.42,428.39,30.0,5,10.89,5.8,54.0,14.7,-60.0,29.77,3001.8
428.92,429.4,30.0,5,10.89,10.8,54.5,14.7,-60.0,30.01,3011.7
429.43,429.4,30.0,5,10.89,10.8,54.5,14.7,-60.0,30.01,3024.1
429.93,430.41,30.0,5,7.09,5.5,53.6,14.7,-61.0,30.23,3025.8
430.43,430.41,30.0,5,7.09,5.5,53.6,14.7,-61.0,30.23,3010.3
430.94,431.42,30.0,5,7.09,6.0,53.1,14.7,-61.0,30.0,2999.6
431.44,431.42,30.0,5,7.09,6.0,53.1,14.7,-61.0,30.0,3003.3
431.93,432.42,30.0,5,6.46,6.7,54.5,14.7,-60.0,30.0,2986.3
432.44,432.42,30.0,5,6.46,6.7,54.5,14.7,-60.0,30.0,2988.9
432.94,433.43,30.0,5,6.46,5.3,54.0,14.6,-61.0,30.01,2961.2
433.45,433.43,30.0,5,6.46,5.3,54.0,14.6,-61.0,30.01,2998.1
433.95,434.44,30.0,5,7.0,6.2,54.0,14.6,-61.0,29.76,2993.8
434.46,434.44,30.0,5,7.0,6.2,54.0,14.6,-61.0,29.76,3005.5
434.95,435.45,30.0,5,7.0,10.3,53.1,14.6,-61.0,30.0,2997.9
435.47,435.45,30.0,5,7.0,10.3,53.1,14.6,-61.0,30.0,3008.6
435.95,436.46,30.0,5,6.49,5.3,54.0,14.6,-61.0,30.26,3004.4
436.45,436.46,30.0,5,6.49,5.3,54.0,14.6,-61.0,30.26,3005.9
436.96,437.46,30.0,5,6.49,5.3,55.0,14.6,-62.0,30.01,3012.9
437.46,437.46,30.0,5,6.49,5.3,55.0,14.6,-62.0,30.01,2985.9
437.98,438.47,30.0,5,11.91,5.5,54.0,14.6,-62.0,30.0,2981.0
438.48,438.47,30.0,5,11.91,5.5,54.0,14.6,-62.0,30.0,3004.9
438.97,439.48,30.0,5,11.91,5.7,55.5,14.6,-61.0,30.01,2976.4
439.48,439.48,30.0,5,11.91,5.7,55.5,14.6,-61.0,30.01,2982.6
439.97,440.49,30.0,5,8.88,7.2,54.5,14.6,-63.0,29.78,2997.6
440.47,440.49,30.0,5,8.88,7.2,54.5,14.6,-63.0,29.78,3004.8
440.97,441.5,30.0,5,8.88,11.2,54.0,14.6,-61.0,30.02,3010.9
441.5,441.5,30.0,5,8.88,11.2,54.0,14.6,-61.0,30.02,3023.9
441.99,442.5,30.0,5,10.66,4.8,54.5,14.6,-61.0,30.25,3015.4
442.49,442.5,30.0,5,10.66,4.8,54.5,14.6,-61.0,30.25,3002.1
443.0,443.51,30.0,5,10.66,5.0,53.6,14.5,-60.0,30.01,3031.3
443.5,443.51,30.0,5,10.66,5.0,53.6,14.5,-60.0,30.01,2988.6
443.99,444.52,30.0,5,6.24,5.5,54.5,14.6,-61.0,30.02,2995.2
444.49,444.52,30.0,5,6.24,5.5,54.5,14.6,-61.0,30.02,2983.6
444.99,445.52,30.0,5,6.24,4.8,53.6,14.6,-61.0,30.03,2957.2
445.51,445.52,30.0,5,6.24,4.8,53.6,14.6,-61.0,30.03,3023.4
446.01,445.52,30.0,5,6.54,4.8,53.6,14.6,-61.0,30.03,3017.7
446.52,446.53,30.0,5,6.54,6.0,55.0,14.6,-61.0,29.7,2994.0
447.01,446.53,30.0,5,6.54,6.0,55.0,14.6,-61.0,29.7,3001.2
447.52,447.54,30.0,5,6.54,10.3,53.1,14.6,-62.0,29.99,3007.6
448.01,447.54,30.0,5,10.93,10.3,53.1,14.6,-62.0,29.99,2981.3
448.51,448.55,30.0,5,10.93,6.7,54.5,14.5,-61.0,30.27,3003.5
449.01,448.55,30.0,5,10.93,6.7,54.5,14.5,-61.0,30.27,3034.9
449.52,449.56,30.0,5,10.93,5.0,55.0,14.5,-61.0,30.01,3008.8
450.03,449.56,30.0,5,6.1,5.0,55.0,14.5,-61.0,30.01,3039.9
450.52,450.57,30.0,5,6.1,6.2,55.0,14.5,-62.0,30.02,3002.4
451.03,450.57,30.0,5,6.1,6.2,55.0,14.5,-62.0,30.02,3034.0
451.53,451.58,30.0,5,6.1,5.0,54.0,14.5,-63.0,30.0,3026.6
452.03,451.58,30.0,5,6.96,5.0,54.0,14.5,-63.0,30.0,3032.1
452.53,452.58,30.0,5,6.96,6.3,55.0,14.5,-62.0,29.76,2975.1
453.03,452.58,30.0,5,6.96,6.3,55.0,14.5,-62.0,29.76,2997.0
453.54,453.6,30.0,5,6.96,8.6,53.6,14.6,-62.0,30.03,3024.5
454.04,453.6,30.0,5,8.6,8.6,53.6,14.6,-62.0,30.03,3027.4
454.55,454.6,30.0,5,8.6,6.9,54.0,14.6,-61.0,30.22,3014.6
455.05,454.6,30.0,5,8.6,6.9,54.0,14.6,-61.0,30.22,3061.7
455.55,455.61,30.0,5,8.6,6.5,54.5,14.6,-60.0,30.0,3001.0
456.04,455.61,30.0,5,13.1,6.5,54.5,14.6,-60.0,30.0,2989.5
456.54,456.61,30.0,5,13.1,7.2,55.0,14.6,-61.0,30.02,3001.3
457.05,456.61,30.0,5,13.1,7.2,55.0,14.6,-61.0,30.02,3020.1
457.55,457.62,30.0,5,13.1,5.5,54.0,14.6,-60.0,30.03,2995.2
458.06,457.62,30.0,5,15.45,5.5,54.0,14.6,-60.0,30.03,3050.6
458.56,458.63,30.0,5,15.45,7.5,54.5,14.6,-62.0,29.71,2988.5
459.06,458.63,30.0,5,15.45,7.5,54.5,14.6,-62.0,29.71,2997.8
459.56,459.64,30.0,5,15.45,9.9,55.0,14.6,-60.0,30.01,3009.1
460.06,459.64,30.0,5,10.07,9.9,55.0,14.6,-60.0,30.01,2981.8
460.56,460.65,30.0,5,10.07,5.7,55.0,14.6,-64.0,30.26,2995.4
461.07,460.65,30.0,5,10.07,5.7,55.0,14.6,-64.0,30.26,2981.2
461.57,461.66,30.0,5,10.07,5.5,54.5,14.6,-61.0,29.98,3004.6
462.08,461.66,30.0,5,7.13,5.5,54.5,14.6,-61.0,29.98,3006.0
462.58,462.67,30.0,5,7.13,6.5,55.0,14.6,-61.0,30.0,3029.0
463.08,462.67,30.0,5,7.13,6.5,55.0,14.6,-61.0,30.0,3038.5
463.58,463.67,30.0,5,7.13,6.2,54.5,14.6,-60.0,30.05,3012.9
464.08,463.67,30.0,5,5.55,6.2,54.5,14.6,-60.0,30.05,3045.2
464.58,464.68,30.0,5,5.55,8.0,54.0,14.6,-62.0,29.74,3002.5
465.08,464.68,30.0,5,5.55,8.0,54.0,14.6,-62.0,29.74,3011.7
465.59,465.69,30.0,5,5.55,9.5,54.5,14.6,-61.0,30.03,3008.9
466.09,465.69,30.0,5,12.94,9.5,54.5,14.6,-61.0,30.03,2968.7
466.6,466.7,30.0,5,12.94,6.0,55.5,14.6,-61.0,30.3,3011.2
467.1,466.7,30.0,5,12.94,6.0,55.5,14.6,-61.0,30.3,3001.0
467.6,467.7,30.0,5,12.94,5.1,55.0,14.6,-61.0,30.0,2998.1
468.1,467.7,30.0,5,9.13,5.1,55.0,14.6,-61.0,30.0,3021.4
468.6,468.71,30.0,5,9.13,5.3,54.0,14.6,-60.0,30.01,2988.1
469.1,468.71,30.0,5,9.13,5.3,54.0,14.6,-60.0,30.01,2979.6
469.61,469.72,30.0,5,9.13,5.5,54.5,14.6,-61.0,30.0,2997.8
470.11,469.72,30.0,5,9.69,5.5,54.5,14.6,-61.0,30.0,3025.6
470.61,470.73,30.0,5,9.69,8.3,55.0,14.6,-61.0,29.77,3006.5
471.11,470.73,30.0,5,9.69,8.3,55.0,14.6,-61.0,29.77,3001.1
471.62,471.74,30.0,5,9.69,9.2,55.0,14.6,-60.0,30.01,2980.6
472.11,471.74,30.0,5,6.81,9.2,55.0,14.6,-60.0,30.01,2976.8
472.62,472.75,30.0,5,6.81,5.7,56.0,14.6,-62.0,30.24,3004.8
473.12,472.75,30.0,5,6.81,5.7,56.0,14.6,-62.0,30.24,2997.2
473.63,473.76,30.0,5,6.81,5.8,54.5,14.6,-60.0,30.02,3014.8
474.13,473.76,30.0,5,11.12,5.8,54.5,14.6,-60.0,30.02,2996.3
474.63,474.76,30.0,5,11.12,5.3,56.5,14.6,-61.0,29.97,3000.8
475.13,474.76,30.0,5,11.12,5.3,56.5,14.6,-61.0,29.97,3045.4
475.63,475.77,30.0,5,11.12,5.3,54.5,14.6,-60.0,30.01,2972.0
476.13,475.77,30.0,5,12.8,5.3,54.5,14.6,-60.0,30.01,3009.1
476.64,476.77,30.0,5,12.8,7.3,54.5,14.6,-61.0,29.74,2993.1
477.14,476.77,30.0,5,12.8,7.3,54.5,14.6,-61.0,29.74,2969.0
477.65,477.79,30.0,5,12.8,9.7,54.0,14.6,-63.0,30.05,3002.7
478.15,477.79,30.0,5,10.87,9.7,54.0,14.6,-63.0,30.05,2987.5
478.65,478.79,30.0,5,10.87,6.7,54.5,14.6,-61.0,30.28,3025.3
479.16,478.79,30.0,5,10.87,6.7,54.5,14.6,-61.0,30.28,2989.7
479.65,479.8,30.0,5,10.87,6.0,55.5,14.6,-59.0,30.01,3022.3
480.15,479.8,30.0,5,14.16,6.0,55.5,14.6,-59.0,30.01,3030.0
480.65,480.81,30.0,5,14.16,5.8,55.0,14.6,-61.0,30.01,3009.8
481.15,480.81,30.0,5,14.16,5.8,55.0,14.6,-61.0,30.01,3018.6
481.66,481.81,30.0,5,5.78,5.8,54.0,14.6,-61.0,30.01,2978.8
482.17,481.81,30.0,5,5.78,5.8,54.0,14.6,-61.0,30.01,2984.5
482.67,482.82,30.0,5,5.78,7.1,55.0,14.6,-62.0,29.76,3021.9
483.17,482.82,30.0,5,5.78,7.1,55.0,14.6,-62.0,29.76,3006.3
483.68,483.83,30.0,5,9.75,8.3,54.5,14.6,-61.0,30.04,3008.0
484.17,483.83,30.0,5,9.75,8.3,54.5,14.6,-61.0,30.04,2990.8
484.67,484.84,30.0,5,9.75,5.3,54.5,14.6,-61.0,30.26,3003.4
485.17,484.84,30.0,5,9.75,5.3,54.5,14.6,-61.0,30.26,2987.8
485.68,485.85,30.0,5,9.15,7.2,54.5,14.6,-59.0,30.0,2996.2
486.19,485.85,30.0,5,9.15,7.2,54.5,14.6,-59.0,30.0,3020.0
486.68,486.85,30.0,5,9.15,5.3,55.5,14.6,-60.0,30.01,3178.7
487.2,486.85,30.0,5,9.15,5.3,55.5,14.6,-60.0,30.01,2985.5
487.68,487.86,30.0,5,21.29,6.0,54.0,14.6,-61.0,30.0,3174.4
488.19,487.86,30.0,5,21.29,6.0,54.0,14.6,-61.0,30.0,2986.3
488.72,488.87,30.0,5,21.29,8.3,55.0,14.6,-61.0,29.74,2994.3
489.19,488.87,30.0,5,21.29,8.3,55.0,14.6,-61.0,29.74,2996.9
489.7,489.88,30.0,5,9.64,9.0,55.0,14.6,-62.0,30.02,2929.0
490.2,489.88,30.0,5,9.64,9.0,55.0,14.6,-62.0,30.02,3000.8
490.71,490.89,30.0,5,9.64,5.0,55.0,14.6,-60.0,30.25,2930.3
491.2,490.89,30.0,5,9.64,5.0,55.0,14.6,-60.0,30.25,2985.6
491.7,491.89,30.0,5,7.36,5.3,54.5,14.5,-61.0,30.02,3003.6
492.2,491.89,30.0,5,7.36,5.3,54.5,14.5,-61.0,30.02,2998.1
492.71,492.9,30.0,5,7.36,5.5,54.0,14.5,-62.0,30.02,3041.8
493.21,492.9,30.0,5,7.36,5.5,54.0,14.5,-62.0,30.02,3030.8
493.72,493.91,30.0,5,14.67,6.7,54.5,14.6,-60.0,30.01,3018.5
494.22,493.91,30.0,5,14.67,6.7,54.5,14.6,-60.0,30.01,2998.2
494.72,494.91,30.0,5,14.67,9.9,55.0,14.5,-63.0,29.77,3003.7
495.22,494.91,29.5,6,14.67,9.9,55.0,14.5,-63.0,29.77,2953.7
495.72,495.93,29.5,6,7.43,8.3,55.5,14.5,-61.0,30.01,2956.2
496.22,495.93,29.5,6,7.43,8.3,55.5,14.5,-61.0,30.01,2982.7
496.73,496.93,30.0,6,7.43,6.5,55.5,14.6,-60.0,30.23,3051.4
497.23,496.93,30.0,6,7.43,6.5,55.5,14.6,-60.0,30.23,3016.8
497.74,497.94,30.0,6,7.44,6.0,54.5,14.5,-61.0,30.01,3031.7
498.24,497.94,30.0,6,7.44,6.0,54.5,14.5,-61.0,30.01,3015.9
498.74,498.95,30.0,6,7.44,5.2,55.0,14.5,-61.0,30.0,3052.4
499.24,498.95,30.0,6,7.44,5.2,55.0,14.5,-61.0,30.0,2964.4
499.74,499.96,30.0,6,9.47,5.0,56.0,14.5,-61.0,30.01,3042.0
500.24,499.96,30.0,6,9.47,5.0,56.0,14.5,-61.0,30.01,2960.8
500.74,500.96,30.0,6,9.47,9.4,53.6,14.6,-60.0,29.76,2995.1
501.25,500.96,30.0,6,9.47,9.4,53.6,14.6,-60.0,29.76,3002.0
501.76,501.98,30.0,6,6.69,8.9,56.0,14.6,-61.0,30.01,3060.0
502.26,501.98,30.0,6,6.69,8.9,56.0,14.6,-61.0,30.01,3013.8
502.76,502.99,30.0,6,6.69,5.7,54.5,14.6,-62.0,30.23,2967.8
503.26,502.99,30.0,6,6.69,5.7,54.5,14.6,-62.0,30.23,3005.1
503.76,503.99,30.0,6,10.17,5.7,54.5,14.6,-60.0,30.02,3006.6
504.26,503.99,30.0,6,10.17,5.7,54.5,14.6,-60.0,30.02,3007.8
504.76,505.0,30.0,6,10.17,6.2,55.5,14.6,-60.0,30.02,3014.6
505.26,505.0,30.0,6,10.17,6.2,55.5,14.6,-60.0,30.02,2972.8
505.78,506.0,30.0,6,6.69,5.0,55.0,14.6,-61.0,29.98,3042.8
506.27,506.0,30.0,6,6.69,5.0,55.0,14.6,-61.0,29.98,2979.8
506.78,507.01,30.0,6,6.69,7.1,55.5,14.6,-61.0,29.78,3016.4
507.28,507.01,30.0,6,6.69,7.1,55.5,14.6,-61.0,29.78,3013.1
507.78,508.02,30.0,6,12.67,7.8,55.0,14.6,-60.0,30.01,3028.2
508.28,508.02,30.0,6,12.67,7.8,55.0,14.6,-60.0,30.01,3004.9
508.78,509.03,30.0,6,12.67,6.4,55.5,14.6,-59.0,30.25,3005.5
509.28,509.03,30.0,6,12.67,6.4,55.5,14.6,-59.0,30.25,3000.5
509.79,510.04,30.0,6,9.76,6.5,55.5,14.6,-61.0,30.01,3003.3
510.31,510.04,30.0,6,9.76,6.5,55.5,14.6,-61.0,30.01,2987.0
510.8,511.04,30.0,6,9.76,5.7,54.0,14.6,-61.0,30.01,3122.7
511.3,511.04,30.0,6,9.76,5.7,54.0,14.6,-61.0,30.01,2984.3
511.79,512.05,30.0,6,11.0,5.5,56.0,14.6,-60.0,30.02,2976.7
512.3,512.05,30.0,6,11.0,5.5,56.0,14.6,-60.0,30.02,2987.0
512.8,513.06,30.0,6,11.0,9.9,55.0,14.5,-62.0,29.77,2886.1
513.3,513.06,30.0,6,11.0,9.9,55.0,14.5,-62.0,29.77,3004.2
513.81,514.07,30.0,6,29.91,7.7,55.0,14.6,-60.0,30.01,3015.5
514.31,514.07,30.0,6,29.91,7.7,55.0,14.6,-60.0,30.01,3015.8
514.82,515.08,30.0,6,29.91,5.8,55.5,14.5,-61.0,30.26,2969.1
515.31,515.08,30.0,6,29.91,5.8,55.5,14.5,-61.0,30.26,3000.9
515.81,516.08,30.0,6,15.95,5.7,56.0,14.5,-60.0,30.01,3131.1
516.31,516.08,30.0,6,15.95,5.7,56.0,14.5,-60.0,30.01,3009.0
516.81,517.09,30.0,6,15.95,6.2,55.0,14.5,-60.0,30.0,2982.6
517.32,517.09,30.0,6,15.95,6.2,55.0,14.5,-60.0,30.0,3023.3
517.83,518.1,30.0,6,22.83,6.0,55.5,14.5,-60.0,30.0,2967.1
518.33,518.1,30.0,6,22.83,6.0,55.5,14.5,-60.0,30.0,2992.8
518.83,519.1,30.0,6,22.83,8.6,55.0,14.5,-61.0,29.75,2995.4
519.33,519.1,30.0,6,22.83,8.6,55.0,14.5,-61.0,29.75,2964.8
519.83,520.12,30.0,6,9.44,7.2,55.5,14.6,-60.0,30.01,2924.9
520.33,520.12,30.0,6,9.44,7.2,55.5,14.6,-60.0,30.01,3003.7
520.83,521.13,30.0,6,9.44,5.3,54.5,14.6,-60.0,30.29,3044.9
521.34,521.13,30.0,6,9.44,5.3,54.5,14.6,-60.0,30.29,3010.2
521.85,522.13,30.0,6,6.35,5.1,55.0,14.6,-59.0,30.03,3009.8
522.35,522.13,30.0,6,6.35,5.1,55.0,14.6,-59.0,30.03,2978.8
522.85,523.14,30.0,6,6.35,5.3,54.0,14.6,-61.0,30.01,2948.3
523.35,523.14,30.0,6,6.35,5.3,54.0,14.6,-61.0,30.01,2993.9
523.85,524.15,30.0,6,7.99,7.1,55.0,14.6,-63.0,30.05,3078.8
524.35,524.15,30.0,6,7.99,7.1,55.0,14.6,-63.0,30.05,3007.1
524.85,525.16,30.0,6,7.99,10.8,55.5,14.5,-61.0,29.85,2964.9
525.37,525.16,30.0,6,7.99,10.8,55.5,14.5,-61.0,29.85,2999.8
525.86,526.18,30.0,6,5.83,8.4,55.5,14.6,-63.0,30.39,2990.9
526.36,526.18,30.0,6,5.83,8.4,55.5,14.6,-63.0,30.39,2989.9
526.87,527.23,30.0,6,5.83,5.5,55.5,14.6,-61.0,31.27,3024.4
527.37,527.23,30.0,6,5.83,5.5,55.5,14.6,-61.0,31.27,3003.6
527.87,528.23,30.0,6,9.08,5.8,55.5,14.6,-60.0,30.05,2980.5
528.37,528.23,30.0,6,9.08,5.8,55.5,14.6,-60.0,30.05,2999.0
528.87,529.24,30.0,6,9.08,4.8,56.5,14.6,-61.0,29.77,3052.2
529.38,529.24,30.0,6,9.08,4.8,56.5,14.6,-61.0,29.77,2990.9
529.9,530.25,30.0,6,12.83,5.3,55.5,14.6,-61.0,29.96,3053.6
530.38,530.25,30.0,6,12.83,5.3,55.5,14.6,-61.0,29.96,3006.7
530.89,531.27,30.0,6,12.83,10.6,55.0,14.6,-62.0,29.47,3022.2
531.39,531.27,30.0,6,12.83,10.6,55.0,14.6,-62.0,29.47,3012.5
531.88,532.28,30.0,6,6.32,7.2,55.5,14.6,-60.0,30.0,2978.6
532.38,532.28,30.0,6,6.32,7.2,55.5,14.6,-60.0,30.0,3001.5
532.89,533.29,30.0,6,6.32,5.8,55.5,14.6,-60.0,30.53,3004.9
533.4,533.29,30.0,6,6.32,5.8,55.5,14.6,-60.0,30.53,2991.8
533.93,534.29,30.0,6,5.49,5.5,55.0,14.6,-60.0,30.01,2989.8
534.42,534.29,30.0,6,5.49,5.5,55.0,14.6,-60.0,30.01,2980.9
534.9,535.3,30.0,6,5.49,6.0,55.0,14.6,-61.0,30.0,2991.9
535.41,535.3,30.0,6,5.49,6.0,55.0,14.6,-61.0,30.0,2990.7
535.91,536.31,30.0,6,10.81,6.9,56.0,14.6,-63.0,29.77,3032.1
536.4,536.31,30.0,6,10.81,6.9,56.0,14.6,-63.0,29.77,2995.0
536.9,537.32,30.0,6,10.81,10.4,55.5,14.6,-61.0,30.0,3024.8
537.41,537.32,30.0,6,10.81,10.4,55.5,14.6,-61.0,30.0,2999.8
537.91,538.33,30.0,6,5.3,5.5,55.0,14.6,-63.0,30.26,3028.8
538.42,538.33,30.0,6,5.3,5.5,55.0,14.6,-63.0,30.26,3009.1
538.93,539.33,30.0,6,5.3,6.9,55.0,14.5,-60.0,30.02,3049.3
539.42,539.33,30.0,6,5.3,6.9,55.0,14.5,-60.0,30.02,3010.6
539.93,540.34,30.0,6,10.81,6.9,55.0,14.6,-61.0,30.02,2985.0
540.43,540.34,30.0,6,10.81,6.9,55.0,14.6,-61.0,30.02,2995.2
540.92,541.35,30.0,6,10.81,5.3,55.5,14.6,-60.0,30.0,2978.4
541.43,541.35,30.0,6,10.81,5.3,55.5,14.6,-60.0,30.0,2978.7
541.93,542.36,30.0,6,11.97,5.8,55.5,14.5,-62.0,29.75,3023.4
542.49,542.36,30.0,6,11.97,5.8,55.5,14.5,-62.0,29.75,3010.2
542.94,543.37,30.0,6,11.97,10.8,54.0,14.5,-63.0,29.8,3050.5
543.44,543.37,30.0,6,11.97,10.8,54.0,14.5,-63.0,29.8,2995.0
543.94,544.38,29.5,7,12.34,9.0,53.6,14.5,-61.0,30.02,2964.1
544.44,544.38,29.5,7,12.34,9.0,53.6,14.5,-61.0,30.02,2935.7
544.94,544.38,29.5,7,12.34,9.0,53.6,14.5,-61.0,30.02,2922.8
545.45,545.39,29.5,7,12.34,7.8,54.5,14.5,-62.0,30.0,2932.3
545.96,545.39,30.0,7,11.08,7.8,54.5,14.5,-62.0,30.0,2997.5
546.45,546.41,30.0,7,11.08,8.5,54.5,14.5,-61.0,30.02,2996.2
546.96,546.41,30.0,7,11.08,8.5,54.5,14.5,-61.0,30.02,3065.2
547.46,547.42,30.0,7,11.08,9.2,54.0,14.5,-60.0,30.02,3000.6
547.95,547.42,30.0,7,5.96,9.2,54.0,14.5,-60.0,30.02,3049.2
548.46,548.43,30.0,7,5.96,9.0,53.6,14.5,-62.0,30.01,2995.7
548.96,548.43,30.0,7,5.96,9.0,53.6,14.5,-62.0,30.01,2934.3
549.47,549.45,30.0,7,5.96,8.8,54.5,14.5,-61.0,30.0,2981.4
549.98,549.45,30.0,7,6.29,8.8,54.5,14.5,-61.0,30.0,2998.9
550.47,550.46,30.0,7,6.29,9.4,54.5,14.5,-61.0,30.09,2999.0
550.97,550.46,30.0,7,6.29,9.4,54.5,14.5,-61.0,30.09,3013.8
551.49,551.48,30.0,7,6.29,10.2,54.0,14.5,-62.0,30.01,2990.1
551.97,551.48,30.0,7,28.57,10.2,54.0,14.5,-62.0,30.01,2975.8
552.47,552.49,30.0,7,28.57,8.0,53.1,14.5,-60.0,30.08,2991.3
552.98,552.49,30.0,7,28.57,8.0,53.1,14.5,-60.0,30.08,2999.0
553.49,553.5,30.0,7,28.57,7.6,54.0,14.5,-61.0,30.04,3003.6
553.99,553.5,30.0,7,9.44,7.6,54.0,14.5,-61.0,30.04,2965.3
554.49,554.51,30.0,7,9.44,9.3,52.6,14.5,-60.0,30.02,3014.0
554.99,554.51,30.0,7,9.44,9.3,52.6,14.5,-60.0,30.02,3040.0
555.5,555.53,30.0,7,9.44,8.9,55.0,14.5,-60.0,29.99,3017.7
555.99,555.53,30.0,7,8.16,8.9,55.0,14.5,-60.0,29.99,3007.8
556.49,556.54,30.0,7,8.16,9.2,54.0,14.5,-61.0,30.04,2977.0
557.0,556.54,30.0,7,8.16,9.2,54.0,14.5,-61.0,30.04,2964.6
557.51,557.55,30.0,7,8.16,8.5,52.6,14.5,-59.0,30.02,3013.9
558.01,557.55,30.0,7,11.2,8.5,52.6,14.5,-59.0,30.02,2994.3
558.51,558.56,30.0,7,11.2,9.7,53.1,14.5,-61.0,30.03,2993.8
559.01,558.56,30.0,7,11.2,9.7,53.1,14.5,-61.0,30.03,2992.6
559.52,559.58,30.0,7,11.2,9.9,53.6,14.5,-59.0,30.06,2994.2
560.01,559.58,30.0,7,6.89,9.9,53.6,14.5,-59.0,30.06,2981.9
560.51,560.59,30.0,7,6.89,7.8,53.6,14.5,-61.0,29.94,3023.8
561.01,560.59,30.0,7,6.89,7.8,53.6,14.5,-61.0,29.94,3085.6
561.53,561.61,30.0,7,6.89,8.5,53.6,14.5,-60.0,30.0,3018.1
562.04,561.61,30.0,7,12.49,8.5,53.6,14.5,-60.0,30.0,3013.9
562.53,562.62,30.0,7,12.49,10.1,53.6,14.5,-61.0,30.06,2969.6
563.03,562.62,30.0,7,12.49,10.1,53.6,14.5,-61.0,30.06,2951.6
563.53,563.63,30.0,7,12.49,9.4,53.6,14.5,-60.0,29.99,3029.5
564.03,563.63,30.0,7,8.91,9.4,53.6,14.5,-60.0,29.99,2991.2
564.53,564.65,30.0,7,8.91,9.0,53.1,14.5,-62.0,30.03,3002.0
565.03,564.65,30.0,7,8.91,9.0,53.1,14.5,-62.0,30.03,3008.2
565.54,565.66,30.0,7,8.91,9.2,54.5,14.5,-61.0,29.98,2994.7
566.04,565.66,30.0,7,6.81,9.2,54.5,14.5,-61.0,29.98,2986.8
566.54,566.67,30.0,7,6.81,8.5,53.6,14.5,-62.0,30.05,3010.7
567.04,566.67,30.0,7,6.81,8.5,53.6,14.5,-62.0,30.05,3017.5
567.56,567.69,30.0,7,6.81,8.7,54.5,14.5,-61.0,30.04,3006.5
568.06,567.69,30.0,7,9.35,8.7,54.5,14.5,-61.0,30.04,3007.5
568.55,568.7,30.0,7,9.35,8.1,52.6,14.5,-61.0,29.96,2994.1
569.05,568.7,30.0,7,9.35,8.1,52.6,14.5,-61.0,29.96,3020.6
569.55,569.71,30.0,7,9.35,8.3,53.1,14.5,-63.0,29.98,3000.9
570.06,569.71,30.0,7,9.86,8.3,53.1,14.5,-63.0,29.98,3061.4
570.56,570.72,30.0,7,9.86,9.2,53.1,14.5,-61.0,29.97,2994.4
571.06,570.72,30.0,7,9.86,9.2,53.1,14.5,-61.0,29.97,2995.3
571.57,571.74,30.0,7,9.86,9.7,53.6,14.5,-64.0,30.03,3006.7
572.06,571.74,30.0,7,5.14,9.7,53.6,14.5,-64.0,30.03,2952.5
572.56,572.75,30.0,7,5.14,8.5,53.1,14.5,-61.0,30.02,3019.4
573.07,572.75,30.0,7,5.14,8.5,53.1,14.5,-61.0,30.02,3026.2
573.58,573.76,30.0,7,5.14,8.5,54.5,14.5,-60.0,30.04,3007.2
574.08,573.76,30.0,7,9.53,8.5,54.5,14.5,-60.0,30.04,3076.1
574.58,574.77,30.0,7,9.53,8.5,53.6,14.5,-62.0,30.01,2974.5
575.09,574.77,30.0,7,9.53,8.5,53.6,14.5,-62.0,30.01,2981.0
575.58,575.79,30.0,7,9.53,9.0,54.0,14.5,-61.0,30.05,2971.9
576.08,575.79,30.0,7,7.05,9.0,54.0,14.5,-61.0,30.05,2964.3
576.58,576.8,30.0,7,7.05,9.0,53.6,14.5,-62.0,30.01,3031.6
577.08,576.8,30.0,7,7.05,9.0,53.6,14.5,-62.0,30.01,3039.1
577.59,577.81,30.0,7,7.05,7.8,54.5,14.5,-60.0,30.01,3033.2
578.1,577.81,30.0,7,10.08,7.8,54.5,14.5,-60.0,30.01,3060.3
578.6,578.82,30.0,7,10.08,9.7,52.6,14.5,-62.0,30.01,2994.0
579.1,578.82,30.0,7,10.08,9.7,52.6,14.5,-62.0,30.01,3001.8
579.6,579.83,30.0,7,10.08,8.3,54.0,14.5,-60.0,30.02,2977.5
580.1,579.83,30.0,7,7.73,8.3,54.0,14.5,-60.0,30.02,2990.0
580.6,580.85,30.0,7,7.73,8.7,53.1,14.5,-60.0,30.02,2986.1
581.1,580.85,30.0,7,7.73,8.7,53.1,14.5,-60.0,30.02,2992.9
581.61,581.86,30.0,7,7.73,8.5,53.6,14.5,-61.0,30.02,3004.5
582.12,581.86,30.0,7,8.39,8.5,53.6,14.5,-61.0,30.02,3029.0
582.61,582.87,30.0,7,8.39,8.1,53.1,14.5,-61.0,30.0,3001.4
583.12,582.87,30.0,7,8.39,8.1,53.1,14.5,-61.0,30.0,2992.8
583.61,583.88,30.0,7,8.39,8.3,54.0,14.5,-59.0,29.98,2986.5
584.11,583.88,30.0,7,6.69,8.3,54.0,14.5,-59.0,29.98,2973.4
584.62,584.91,30.0,7,6.69,9.0,52.1,14.5,-60.0,30.03,2983.2
585.12,584.91,30.0,7,6.69,9.0,52.1,14.5,-60.0,30.03,2995.7
585.64,585.92,30.0,7,6.69,9.1,52.6,14.5,-60.0,30.06,3018.6
586.13,585.92,30.0,7,8.53,9.1,52.6,14.5,-60.0,30.06,3013.9
586.63,586.93,30.0,7,8.53,9.0,53.6,14.5,-62.0,30.04,3009.1
587.14,586.93,30.0,7,8.53,9.0,53.6,14.5,-62.0,30.04,3006.6
587.64,587.94,30.0,7,8.53,8.8,53.6,14.5,-60.0,29.98,2823.2
588.13,587.94,30.0,7,62.38,8.8,53.6,14.5,-60.0,29.98,2989.7
588.64,588.96,30.0,7,62.38,8.5,53.6,14.5,-61.0,30.02,2962.4
589.14,588.96,30.0,7,62.38,8.5,53.6,14.5,-61.0,30.02,2964.7
589.66,589.97,30.0,7,62.38,9.0,53.1,14.5,-62.0,30.01,2975.3
590.15,589.97,30.0,7,123.64,9.0,53.1,14.5,-62.0,30.01,2965.5
590.65,590.98,30.0,7,123.64,6.6,53.6,14.5,-61.0,30.0,3048.5
591.15,590.98,30.0,7,123.64,6.6,53.6,14.5,-61.0,30.0,3000.2
591.65,592.0,30.0,7,123.64,8.5,53.6,14.5,-61.0,30.03,3043.7
592.15,592.0,30.0,7,8.83,8.5,53.6,14.5,-61.0,30.03,3019.0
592.65,593.01,30.0,7,8.83,8.3,53.1,14.5,-61.0,30.02,3023.0
593.16,593.01,30.0,7,8.83,8.3,53.1,14.5,-61.0,30.02,2989.6
593.67,594.02,30.0,7,8.83,8.5,53.6,14.5,-60.0,30.05,2841.0
594.16,594.02,30.0,7,8.13,8.5,53.6,14.5,-60.0,30.05,2995.7
594.67,595.03,30.0,7,8.13,9.7,53.6,14.5,-61.0,29.96,2968.9
595.17,595.03,30.0,7,8.13,9.7,53.6,14.5,-61.0,29.96,3004.6
595.67,596.04,30.0,7,8.13,7.8,53.6,14.5,-60.0,29.98,3069.4
596.17,596.04,30.0,7,9.92,7.8,53.6,14.5,-60.0,29.98,3000.7
596.67,597.06,30.0,7,9.92,9.7,52.1,14.5,-62.0,30.0,2977.1
597.17,597.06,30.0,7,9.92,9.7,52.1,14.5,-62.0,30.0,3018.4
597.69,598.07,30.0,7,9.92,9.3,53.1,14.5,-61.0,30.12,3057.3
598.19,598.07,30.0,7,6.08,9.3,53.1,14.5,-61.0,30.12,3032.8
598.7,599.08,30.0,7,6.08,7.8,53.1,14.5,-62.0,30.05,3033.3
599.2,599.08,30.0,7,6.08,7.8,53.1,14.5,-62.0,30.05,2984.4
599.69,600.1,30.0,7,6.08,7.3,54.0,14.5,-61.0,30.11,2956.6
600.19,600.1,30.0,7,8.49,7.3,54.0,14.5,-61.0,30.11,3002.2
600.69,601.11,30.0,7,8.49,10.1,54.0,14.5,-61.0,30.01,2969.9
601.19,601.11,30.0,7,8.49,10.1,54.0,14.5,-61.0,30.01,3028.5
601.71,602.12,30.0,7,8.49,8.0,53.1,14.5,-62.0,30.03,2950.9
602.2,602.12,30.0,7,7.31,8.0,53.1,14.5,-62.0,30.03,2982.1
602.71,603.14,30.0,7,7.31,10.1,54.0,14.5,-63.0,30.01,2950.4
603.21,603.14,30.0,7,7.31,10.1,54.0,14.5,-63.0,30.01,2976.2
603.71,604.15,30.0,7,7.31,7.8,53.1,14.5,-61.0,30.09,2965.9
604.21,604.15,30.0,7,5.94,7.8,53.1,14.5,-61.0,30.09,2984.3
604.71,605.17,30.0,7,5.94,9.4,52.6,14.5,-60.0,30.01,2932.4
605.21,605.17,30.0,7,5.94,9.4,52.6,14.5,-60.0,30.01,3041.2
605.73,606.18,30.0,7,5.94,8.0,52.6,14.5,-60.0,29.92,3067.0
606.23,606.18,30.0,7,9.78,8.0,52.6,14.5,-60.0,29.92,2998.7
606.72,606.18,30.0,7,9.78,8.0,52.6,14.5,-60.0,29.92,3000.3
607.23,607.2,30.0,7,9.78,8.5,53.1,14.5,-61.0,30.03,2982.2
607.72,607.2,30.0,7,9.78,8.5,53.1,14.5,-61.0,30.03,2980.9
608.22,608.21,29.5,8,7.17,9.2,53.1,14.5,-59.0,30.03,2976.6
608.73,608.21,29.5,8,7.17,9.2,53.1,14.5,-59.0,30.03,2979.8
609.23,609.22,29.5,8,7.17,8.7,53.1,14.5,-60.0,30.03,2958.5
609.75,609.22,29.5,8,7.17,8.7,53.1,14.5,-60.0,30.03,2925.8
610.24,610.23,30.0,8,7.68,8.7,54.0,14.5,-60.0,29.96,2982.2
610.75,610.23,30.0,8,7.68,8.7,54.0,14.5,-60.0,29.96,2966.0
611.25,611.25,30.0,8,7.68,8.0,53.6,14.5,-62.0,30.05,3017.1
611.74,611.25,30.0,8,7.68,8.0,53.6,14.5,-62.0,30.05,2993.5
612.24,612.26,30.0,8,5.62,8.1,54.0,14.5,-60.0,29.99,2998.9
612.74,612.26,30.0,8,5.62,8.1,54.0,14.5,-60.0,29.99,2997.1
613.25,613.27,30.0,8,5.62,8.3,53.6,14.5,-60.0,29.98,2977.8
613.76,613.27,30.0,8,5.62,8.3,53.6,14.5,-60.0,29.98,3041.4
614.27,614.29,30.0,8,10.06,7.8,53.1,14.5,-60.0,29.99,3008.7
614.76,614.29,30.0,8,10.06,7.8,53.1,14.5,-60.0,29.99,3050.7
615.26,615.3,30.0,8,10.06,9.5,53.6,14.5,-60.0,30.04,3009.1
615.76,615.3,30.0,8,10.06,9.5,53.6,14.5,-60.0,30.04,2998.7
616.26,616.32,30.0,8,9.69,8.5,53.6,14.5,-61.0,30.04,3024.3
616.76,616.32,30.0,8,9.69,8.5,53.6,14.5,-61.0,30.04,2949.0
617.26,617.32,30.0,8,9.69,8.6,53.1,14.5,-60.0,30.03,2993.1
617.77,617.32,30.0,8,9.69,8.6,53.1,14.5,-60.0,30.03,2981.5
618.27,618.34,30.0,8,10.26,8.5,54.0,14.5,-62.0,29.99,2962.1
618.77,618.34,30.0,8,10.26,8.5,54.0,14.5,-62.0,29.99,2961.4
619.28,619.35,30.0,8,10.26,8.7,53.6,14.5,-60.0,30.0,2989.8
619.78,619.35,30.0,8,10.26,8.7,53.6,14.5,-60.0,30.0,2825.2
620.3,620.36,30.0,8,8.49,8.3,53.1,14.5,-60.0,30.06,3012.0
620.78,620.36,30.0,8,8.49,8.3,53.1,14.5,-60.0,30.06,2935.9
621.28,621.37,30.0,8,8.49,8.2,53.6,14.5,-60.0,30.02,3006.5
621.81,621.37,30.0,8,8.49,8.2,53.6,14.5,-60.0,30.02,2817.8
622.3,622.4,30.0,8,10.39,7.8,53.1,14.5,-61.0,30.0,3010.5
622.79,622.4,30.0,8,10.39,7.8,53.1,14.5,-61.0,30.0,2915.6
623.3,623.41,30.0,8,10.39,9.7,53.6,14.5,-60.0,30.04,3003.9
623.79,623.41,30.0,8,10.39,9.7,53.6,14.5,-60.0,30.04,2963.8
624.29,624.42,30.0,8,7.68,9.2,53.1,14.5,-61.0,29.98,3000.1
624.8,624.42,30.0,8,7.68,9.2,53.1,14.5,-61.0,29.98,2995.3
625.3,625.43,30.0,8,7.68,8.5,52.6,14.5,-60.0,29.98,2983.4
625.81,625.43,30.0,8,7.68,8.5,52.6,14.5,-60.0,29.98,3019.6
626.32,626.44,30.0,8,7.24,8.3,52.1,14.5,-62.0,30.05,3022.1
626.82,626.44,30.0,8,7.24,8.3,52.1,14.5,-62.0,30.05,3043.1
627.32,627.45,30.0,8,7.24,9.5,53.6,14.5,-61.0,30.02,3007.2
627.81,627.45,30.0,8,7.24,9.5,53.6,14.5,-61.0,30.02,3016.7
628.31,628.46,30.0,8,10.0,9.5,53.1,14.5,-61.0,30.02,3011.2
628.82,628.46,30.0,8,10.0,9.5,53.1,14.5,-61.0,30.02,2971.7
629.32,629.47,30.0,8,10.0,8.0,53.6,14.5,-62.0,30.01,2991.0
629.83,629.47,30.0,8,10.0,8.0,53.6,14.5,-62.0,30.01,2999.6
630.33,630.49,30.0,8,9.17,8.3,52.1,14.5,-61.0,29.91,2999.1
630.83,630.49,30.0,8,9.17,8.3,52.1,14.5,-61.0,29.91,3034.6
631.33,631.5,30.0,8,9.17,9.7,54.0,14.5,-61.0,29.98,2972.9
631.83,631.5,30.0,8,9.17,9.7,54.0,14.5,-61.0,29.98,3033.9
632.33,632.51,30.0,8,7.42,9.2,52.1,14.5,-61.0,30.04,2977.3
632.83,632.51,30.0,8,7.42,9.2,52.1,14.5,-61.0,30.04,3028.0
633.33,633.53,30.0,8,7.42,8.5,53.6,14.5,-61.0,30.05,3036.5
633.84,633.53,30.0,8,7.42,8.5,53.6,14.5,-61.0,30.05,3016.2
634.35,634.54,30.0,8,6.64,9.0,53.1,14.5,-60.0,30.02,3001.1
634.87,634.54,30.0,8,6.64,9.0,53.1,14.5,-60.0,30.02,2983.6
635.35,635.55,30.0,8,6.64,8.3,53.1,14.5,-61.0,30.01,3008.4
635.85,635.55,30.0,8,6.64,8.3,53.1,14.5,-61.0,30.01,2974.9
636.35,636.56,30.0,8,20.76,8.4,53.6,14.5,-61.0,29.98,3002.7
636.85,636.56,30.0,8,20.76,8.4,53.6,14.5,-61.0,29.98,3020.0
637.36,637.57,30.0,8,20.76,8.0,52.1,14.5,-60.0,30.01,2993.1
637.87,637.57,30.0,8,20.76,8.0,52.1,14.5,-60.0,30.01,2990.5
638.36,638.59,30.0,8,10.26,9.4,53.1,14.5,-62.0,29.99,3022.5
638.87,638.59,30.0,8,10.26,9.4,53.1,14.5,-62.0,29.99,3015.5
639.37,639.6,30.0,8,10.26,10.1,53.6,14.5,-60.0,30.05,3000.3
639.86,639.6,30.0,8,10.26,10.1,53.6,14.5,-60.0,30.05,3053.4
640.37,640.61,30.0,8,6.73,9.2,53.6,14.5,-61.0,30.05,2996.2
640.87,640.61,30.0,8,6.73,9.2,53.6,14.5,-61.0,30.05,3023.0
641.38,641.62,30.0,8,6.73,8.7,53.6,14.5,-61.0,30.07,2978.9
641.89,641.62,30.0,8,6.73,8.7,53.6,14.5,-61.0,30.07,2988.6
642.38,642.64,30.0,8,8.09,7.8,54.0,14.5,-61.0,30.01,3032.2
642.88,642.64,30.0,8,8.09,7.8,54.0,14.5,-61.0,30.01,3000.3
643.38,643.65,30.0,8,8.09,8.9,53.6,14.5,-61.0,29.95,3021.7
643.88,643.65,30.0,8,8.09,8.9,53.6,14.5,-61.0,29.95,3005.1
644.39,644.66,30.0,8,7.93,7.6,52.1,14.5,-61.0,30.02,2987.4
644.89,644.66,30.0,8,7.93,7.6,52.1,14.5,-61.0,30.02,3009.9
645.39,645.67,30.0,8,7.93,8.3,53.1,14.5,-63.0,30.1,2973.6
645.9,645.67,30.0,8,7.93,8.3,53.1,14.5,-63.0,30.1,3015.7
646.42,646.69,30.0,8,15.83,8.8,53.1,14.5,-61.0,30.01,3001.7
646.9,646.69,30.0,8,15.83,8.8,53.1,14.5,-61.0,30.01,3045.9
647.4,647.7,30.0,8,15.83,9.0,53.6,14.5,-62.0,29.96,2993.2
647.9,647.7,30.0,8,15.83,9.0,53.6,14.5,-62.0,29.96,2991.3
648.4,648.72,30.0,8,9.83,10.3,52.6,14.5,-60.0,30.01,3014.2
648.91,648.72,30.0,8,9.83,10.3,52.6,14.5,-60.0,30.01,2982.8
649.41,649.73,30.0,8,9.83,9.0,52.6,14.5,-60.0,30.02,2979.8
649.91,649.73,30.0,8,9.83,9.0,52.6,14.5,-60.0,30.02,3020.0
650.42,650.74,30.0,8,9.81,10.0,53.1,14.5,-60.0,30.02,3015.7
650.92,650.74,30.0,8,9.81,10.0,53.1,14.5,-60.0,30.02,3039.6
651.42,651.76,30.0,8,9.81,8.0,53.6,14.5,-60.0,30.05,2997.9
651.92,651.76,29.5,9,9.81,8.0,53.6,14.5,-60.0,30.05,2913.5
652.42,652.77,29.5,9,12.27,8.8,53.1,14.5,-61.0,30.02,2941.5
652.92,652.77,29.5,9,12.27,8.8,53.1,14.5,-61.0,30.02,2936.8
653.43,653.78,30.0,9,12.27,9.7,53.1,14.5,-62.0,29.99,3013.8
653.93,653.78,30.0,9,12.27,9.7,53.1,14.5,-62.0,29.99,3030.1
654.43,654.8,30.0,9,15.8,9.4,52.6,14.5,-61.0,30.01,2989.0
654.93,654.8,30.0,9,15.8,9.4,52.6,14.5,-61.0,30.01,2990.3
655.44,655.81,30.0,9,15.8,9.0,52.6,14.5,-60.0,30.02,2994.7
655.94,655.81,30.0,9,15.8,9.0,52.6,14.5,-60.0,30.02,3001.5
656.44,656.82,30.0,9,11.78,9.9,53.1,14.5,-61.0,29.95,2996.2
656.94,656.82,30.0,9,11.78,9.9,53.1,14.5,-61.0,29.95,2993.7
657.45,657.84,30.0,9,11.78,7.8,52.6,14.5,-60.0,30.03,2998.5
657.95,657.84,30.0,9,11.78,7.8,52.6,14.5,-60.0,30.03,3022.0
658.46,658.85,30.0,9,16.68,8.0,53.1,14.5,-62.0,30.03,2984.5
658.96,658.85,30.0,9,16.68,8.0,53.1,14.5,-62.0,30.03,3012.2
659.45,659.86,30.0,9,16.68,8.1,53.1,14.5,-60.0,30.04,2979.9
659.96,659.86,30.0,9,16.68,8.1,53.1,14.5,-60.0,30.04,3003.5
660.46,660.88,30.0,9,8.03,8.5,53.6,14.5,-62.0,30.0,3030.0
660.96,660.88,30.0,9,8.03,8.5,53.6,14.5,-62.0,30.0,3019.8
661.47,661.89,30.0,9,8.03,8.7,53.1,14.6,-61.0,30.06,2994.4
661.99,661.89,30.0,9,16.29,8.7,53.1,14.6,-61.0,30.06,3019.5
662.48,662.9,30.0,9,16.29,8.5,52.6,14.5,-60.0,30.0,2986.2
662.98,662.9,30.0,9,16.29,8.5,52.6,14.5,-60.0,30.0,3015.3
663.47,662.9,30.0,9,16.29,8.5,52.6,14.5,-60.0,30.0,3000.4
663.97,663.92,30.0,9,9.23,9.0,52.1,14.6,-63.0,29.97,2999.8
664.47,663.92,30.0,9,9.23,9.0,52.1,14.6,-63.0,29.97,3013.7
664.98,664.93,30.0,9,9.23,9.7,53.1,14.5,-60.0,30.0,3036.7
665.49,664.93,30.0,9,9.23,9.7,53.1,14.5,-60.0,30.0,3010.2
665.99,665.94,30.0,9,11.82,8.7,53.6,14.5,-61.0,30.02,3001.5
666.49,665.94,30.0,9,11.82,8.7,53.6,14.5,-61.0,30.02,3008.7
666.99,665.94,30.0,9,11.82,8.7,53.6,14.5,-61.0,30.02,2957.4
667.49,665.94,30.0,9,11.82,8.7,53.6,14.5,-61.0,30.02,3015.9
667.99,667.97,30.0,9,10.56,8.3,53.1,14.6,-61.0,30.04,3007.0
668.49,667.97,30.0,9,10.56,8.3,53.1,14.6,-61.0,30.04,3017.4
668.99,668.98,30.0,9,10.56,9.9,53.6,14.5,-61.0,30.01,3049.5
669.5,668.98,30.0,9,10.56,9.9,53.6,14.5,-61.0,30.01,2966.9
670.01,669.99,30.0,9,13.24,8.5,51.6,14.5,-61.0,29.96,3011.9
670.51,669.99,30.0,9,13.24,8.5,51.6,14.5,-61.0,29.96,2983.5
671.01,671.0,30.0,9,13.24,9.6,52.1,14.5,-61.0,29.95,2970.4
671.5,671.0,30.0,9,13.24,9.6,52.1,14.5,-61.0,29.95,3010.6
672.01,672.02,30.0,9,11.64,8.1,53.6,14.6,-60.0,30.01,3020.5
672.51,672.02,30.0,9,11.64,8.1,53.6,14.6,-60.0,30.01,2995.1
673.02,673.03,30.0,9,11.64,7.8,53.6,14.6,-62.0,30.1,3022.6
673.53,673.03,30.0,9,11.64,7.8,53.6,14.6,-62.0,30.1,2989.9
674.02,674.04,30.0,9,12.37,8.7,53.1,14.5,-60.0,30.01,2979.5
674.53,674.04,30.0,9,12.37,8.7,53.1,14.5,-60.0,30.01,2991.0
675.03,675.06,30.0,9,12.37,7.6,52.6,14.5,-62.0,29.96,3023.9
675.53,675.06,30.0,9,12.37,7.6,52.6,14.5,-62.0,29.96,3000.3
676.02,676.07,30.0,9,7.96,9.6,53.6,14.5,-60.0,30.04,3017.3
676.53,676.07,30.0,9,7.96,9.6,53.6,14.5,-60.0,30.04,3023.4
677.03,677.08,30.0,9,7.96,8.7,53.1,14.5,-61.0,29.95,2997.6
677.55,677.08,30.0,9,7.96,8.7,53.1,14.5,-61.0,29.95,2996.5
678.04,678.09,30.0,9,10.23,9.5,52.1,14.5,-62.0,30.01,3043.7
678.55,678.09,30.0,9,10.23,9.5,52.1,14.5,-62.0,30.01,2980.7
679.05,679.1,30.0,9,10.23,8.7,52.1,14.6,-61.0,30.07,3026.6
679.55,679.1,30.0,9,10.23,8.7,52.1,14.6,-61.0,30.07,2995.7
680.04,680.12,30.0,9,7.02,8.3,54.0,14.6,-62.0,30.04,3019.7
680.55,680.12,30.0,9,7.02,8.3,54.0,14.6,-62.0,30.04,3013.6
681.05,681.13,30.0,9,7.02,7.4,53.6,14.5,-60.0,30.04,2971.5
681.56,681.13,30.0,9,7.02,7.4,53.6,14.5,-60.0,30.04,3018.1
682.06,682.14,30.0,9,7.01,9.1,53.1,14.5,-63.0,29.96,2993.9
682.56,682.14,30.0,9,7.01,9.1,53.1,14.5,-63.0,29.96,3024.6
683.07,683.16,30.0,9,7.01,7.8,53.6,14.5,-63.0,30.04,3023.5
683.56,683.16,30.0,9,7.01,7.8,53.6,14.5,-63.0,30.04,2991.0
684.06,684.17,30.0,9,11.05,9.2,53.1,14.6,-63.0,29.92,3004.2
684.56,684.17,30.0,9,11.05,9.2,53.1,14.6,-63.0,29.92,2984.1
685.07,685.19,30.0,9,11.05,9.2,52.6,14.6,-61.0,30.03,2997.7
685.58,685.19,30.0,9,11.05,9.2,52.6,14.6,-61.0,30.03,2987.3
686.07,686.2,30.0,9,10.05,9.7,54.0,14.5,-61.0,29.96,3032.3
686.58,686.2,30.0,9,10.05,9.7,54.0,14.5,-61.0,29.96,3005.0
687.08,687.21,30.0,9,10.05,9.0,53.6,14.5,-60.0,30.0,3030.2
687.58,687.21,30.0,9,10.05,9.0,53.6,14.5,-60.0,30.0,2981.3
688.08,688.22,30.0,9,8.7,8.3,53.6,14.5,-61.0,30.03,2996.0
688.58,688.22,30.0,9,8.7,8.3,53.6,14.5,-61.0,30.03,2976.6
689.08,689.23,30.0,9,8.7,7.9,53.1,14.5,-62.0,30.01,2982.3
689.59,689.23,30.0,9,8.7,7.9,53.1,14.5,-62.0,30.01,2975.5
690.1,690.25,30.0,9,11.2,7.6,53.1,14.5,-60.0,30.01,2990.8
690.6,690.25,30.0,9,11.2,7.6,53.1,14.5,-60.0,30.01,3004.6
691.1,691.26,30.0,9,11.2,8.8,52.6,14.5,-62.0,30.05,3026.2
691.59,691.26,30.0,9,11.2,8.8,52.6,14.5,-62.0,30.05,3006.4
692.1,692.27,30.0,9,9.66,8.9,53.6,14.5,-60.0,30.02,3035.3
692.6,692.27,30.0,9,9.66,8.9,53.6,14.5,-60.0,30.02,2967.2
693.1,693.29,30.0,9,9.66,8.3,53.1,14.5,-62.0,30.04,2962.8
693.61,693.29,30.0,9,9.66,8.3,53.1,14.5,-62.0,30.04,2982.3
694.11,694.3,30.0,9,6.52,8.0,53.1,14.5,-59.0,30.0,2971.3
694.62,694.3,30.0,9,6.52,8.0,53.1,14.5,-59.0,30.0,3013.3
695.11,695.31,30.0,9,6.52,9.4,53.1,14.5,-61.0,29.99,3027.5
695.61,695.31,30.0,9,6.52,9.4,53.1,14.5,-61.0,29.99,3003.1
696.12,696.33,30.0,9,6.8,9.2,52.6,14.5,-60.0,30.01,3012.1
696.62,696.33,30.0,9,6.8,9.2,52.6,14.5,-60.0,30.01,2989.9
697.12,697.34,30.0,9,6.8,6.7,53.6,14.5,-61.0,30.03,3016.4
697.63,697.34,30.0,9,6.8,6.7,53.6,14.5,-61.0,30.03,3013.7
698.13,698.35,30.0,9,9.78,8.1,53.1,14.5,-61.0,30.0,3010.2
698.63,698.35,30.0,9,9.78,8.1,53.1,14.5,-61.0,30.0,3038.2
699.13,699.36,30.0,9,9.78,8.9,53.6,14.5,-61.0,30.01,3022.5
699.63,699.36,30.0,9,9.78,8.9,53.6,14.5,-61.0,30.01,3008.2
700.13,700.37,30.0,9,6.83,9.0,53.6,14.5,-62.0,30.01,2986.6
700.64,700.37,30.0,9,6.83,9.0,53.6,14.5,-62.0,30.01,2967.5
701.14,701.39,30.0,9,6.83,8.5,52.6,14.5,-60.0,30.0,2971.0
701.67,701.39,30.0,9,6.83,8.5,52.6,14.5,-60.0,30.0,2840.6
702.15,702.4,30.0,9,6.81,8.6,53.1,14.5,-64.0,30.03,3017.3
702.65,702.4,30.0,9,6.81,8.6,53.1,14.5,-64.0,30.03,3021.3
703.17,703.42,30.0,9,6.81,9.3,53.1,14.5,-59.0,30.06,3062.4
703.65,703.42,30.0,9,6.81,9.3,53.1,14.5,-59.0,30.06,2816.5
704.15,704.43,30.0,9,7.08,8.3,54.0,14.5,-62.0,30.01,2978.4
704.65,704.43,30.0,9,7.08,8.3,54.0,14.5,-62.0,30.01,2982.8
705.16,705.44,30.0,9,7.08,7.7,51.6,14.5,-62.0,30.03,2961.1
705.66,705.44,30.0,9,7.08,7.7,51.6,14.5,-62.0,30.03,2972.6
706.17,706.46,30.0,9,10.6,8.5,53.6,14.5,-60.0,30.02,3005.8
706.67,706.46,30.0,9,10.6,8.5,53.6,14.5,-60.0,30.02,2830.0
707.17,707.47,30.0,9,10.6,9.4,53.6,14.5,-62.0,30.02,3008.7
707.67,707.47,30.0,9,10.6,9.4,53.6,14.5,-62.0,30.02,3016.4
708.17,708.48,30.0,9,9.63,9.5,53.6,14.5,-59.0,30.08,3010.1
708.67,708.48,30.0,9,9.63,9.5,53.6,14.5,-59.0,30.08,2983.1
709.17,709.49,30.0,9,9.63,8.7,53.6,14.5,-60.0,30.01,2987.3
709.69,709.49,30.0,9,9.63,8.7,53.6,14.5,-60.0,30.01,2823.8
710.18,710.51,30.0,9,13.9,8.5,53.6,14.5,-61.0,30.01,3029.4
710.69,710.51,30.0,9,13.9,8.5,53.6,14.5,-61.0,30.01,2979.5
711.19,711.52,30.0,9,13.9,8.1,52.6,14.5,-60.0,30.03,3056.8
711.68,711.52,30.0,9,13.9,8.1,52.6,14.5,-60.0,30.03,3062.6
712.18,712.53,30.0,9,6.98,8.3,53.6,14.5,-60.0,29.99,2964.4
712.69,712.53,30.0,9,6.98,8.3,53.6,14.5,-60.0,29.99,3031.0
713.19,713.55,30.0,9,6.98,8.8,52.6,14.5,-60.0,30.05,2968.6
713.7,713.55,30.0,9,6.98,8.8,52.6,14.5,-60.0,30.05,2938.6
714.2,714.56,30.0,9,5.67,8.0,53.6,14.5,-61.0,30.1,2996.6
714.71,714.56,30.0,9,5.67,8.0,53.6,14.5,-61.0,30.1,2976.8
715.21,715.57,30.0,9,5.67,8.7,52.6,14.5,-62.0,30.03,2956.8
715.7,715.57,30.0,9,5.67,8.7,52.6,14.5,-62.0,30.03,3009.4
716.21,716.58,30.0,9,5.83,9.4,53.1,14.5,-60.0,30.0,3006.4
716.71,716.58,30.0,9,5.83,9.4,53.1,14.5,-60.0,30.0,2990.4
717.21,717.6,30.0,9,5.83,9.4,53.6,14.5,-60.0,30.01,2997.4
717.72,717.6,30.0,9,5.83,9.4,53.6,14.5,-60.0,30.01,3001.6
718.22,718.62,30.0,9,10.91,9.3,53.6,14.5,-59.0,29.98,2992.4
718.72,718.62,30.0,9,10.91,9.3,53.6,14.5,-59.0,29.98,3008.2
719.22,719.63,30.0,9,10.91,8.3,53.6,14.5,-61.0,30.06,3014.6
719.72,719.63,30.0,9,10.91,8.3,53.6,14.5,-61.0,30.06,3004.8
720.22,720.64,30.0,9,8.81,7.8,52.6,14.5,-61.0,30.03,3025.1
720.72,720.64,30.0,9,8.81,7.8,52.6,14.5,-61.0,30.03,2990.4
721.23,721.65,30.0,9,8.81,8.8,53.1,14.5,-61.0,30.0,2989.1
721.74,721.65,30.0,9,8.81,8.8,53.1,14.5,-61.0,30.0,3011.0
722.24,722.66,30.0,9,6.79,9.0,53.6,14.5,-60.0,30.04,2984.2
722.75,722.66,30.0,9,6.79,9.0,53.6,14.5,-60.0,30.04,3006.2
723.24,723.68,30.0,9,6.79,9.0,53.6,14.5,-65.0,30.04,2999.3
723.74,723.68,30.0,9,6.79,9.0,53.6,14.5,-65.0,30.04,3011.4
724.24,724.69,30.0,9,12.13,9.5,53.1,14.5,-59.0,30.0,2979.9
724.74,724.69,30.0,9,12.13,9.5,53.1,14.5,-59.0,30.0,3021.7
725.25,725.7,30.0,9,12.13,9.2,53.6,14.5,-61.0,30.0,2971.2
725.75,725.7,30.0,9,12.13,9.2,53.6,14.5,-61.0,30.0,2989.3
726.26,726.71,30.0,9,7.03,8.3,52.6,14.5,-62.0,30.03,3014.5
726.76,726.71,30.0,9,7.03,8.3,52.6,14.5,-62.0,30.03,2970.4
727.26,727.73,30.0,9,7.03,7.1,53.1,14.5,-60.0,30.06,3021.6
727.76,727.73,30.0,9,7.03,7.1,53.1,14.5,-60.0,30.06,3016.4
728.26,728.74,30.0,9,8.86,8.8,52.6,14.5,-62.0,29.97,2991.3
728.76,728.74,30.0,9,8.86,8.8,52.6,14.5,-62.0,29.97,3040.7
729.26,729.75,30.0,9,8.86,9.2,53.6,14.5,-60.0,30.0,2994.1
729.77,729.75,30.0,9,8.86,9.2,53.6,14.5,-60.0,30.0,3003.2
730.28,730.76,30.0,9,10.23,9.0,53.6,14.5,-63.0,29.92,2997.2
730.77,730.76,30.0,9,10.23,9.0,53.6,14.5,-63.0,29.92,3014.8
731.28,731.78,30.0,9,10.23,8.5,52.6,14.5,-60.0,30.0,3021.2
731.78,731.78,30.0,9,10.23,8.5,52.6,14.5,-60.0,30.0,3011.2
732.28,732.79,30.0,9,6.26,9.2,52.6,14.5,-63.0,30.01,2977.9
732.78,732.79,30.0,9,6.26,9.2,52.6,14.5,-63.0,30.01,2987.4
733.28,733.81,30.0,9,6.26,7.8,53.1,14.5,-61.0,30.02,3007.0
733.79,733.81,30.0,9,6.26,7.8,53.1,14.5,-61.0,30.02,3014.9
734.29,734.82,30.0,9,8.94,7.3,53.1,14.5,-61.0,30.01,2980.8
734.81,734.82,30.0,9,8.94,7.3,53.1,14.5,-61.0,30.01,3030.8
735.3,735.83,30.0,9,8.94,6.9,52.6,14.5,-60.0,29.96,3009.1
735.79,735.83,30.0,9,8.94,6.9,52.6,14.5,-60.0,29.96,3041.0
736.3,736.84,30.0,9,7.86,9.3,53.1,14.5,-61.0,30.06,3002.3
736.8,736.84,30.0,9,7.86,9.3,53.1,14.5,-61.0,30.06,3039.6
737.3,737.85,30.0,9,7.86,9.2,54.0,14.5,-59.0,30.03,3012.6
737.81,737.85,30.0,9,7.86,9.2,54.0,14.5,-59.0,30.03,3032.1
738.31,737.85,30.0,9,11.81,9.2,54.0,14.5,-59.0,30.03,3032.6
738.82,738.86,30.0,9,11.81,9.9,52.6,14.5,-62.0,29.99,3010.1
739.32,738.86,30.0,9,11.81,9.9,52.6,14.5,-62.0,29.99,3010.5
739.81,739.88,30.0,9,11.81,7.1,53.6,14.5,-60.0,30.0,2955.1
740.32,739.88,30.0,9,11.97,7.1,53.6,14.5,-60.0,30.0,2987.1
740.82,740.89,30.0,9,11.97,8.5,52.6,14.5,-62.0,30.08,3001.4
741.32,740.89,30.0,9,11.97,8.5,52.6,14.5,-62.0,30.08,3007.7
741.83,741.9,30.0,9,11.97,8.3,52.6,14.5,-60.0,30.07,3053.7
742.33,741.9,30.0,9,17.71,8.3,52.6,14.5,-60.0,30.07,2991.2
742.83,742.91,30.0,9,17.71,9.0,53.1,14.6,-61.0,30.01,3023.8
743.33,742.91,30.0,9,17.71,9.0,53.1,14.6,-61.0,30.01,3010.3
743.83,743.93,30.0,9,17.71,8.4,53.1,14.5,-60.0,30.01,2999.4
744.33,743.93,30.0,9,8.66,8.4,53.1,14.5,-60.0,30.01,3001.6
744.83,744.94,30.0,9,8.66,8.5,53.6,14.5,-60.0,30.02,3005.4
745.34,744.94,30.0,9,8.66,8.5,53.6,14.5,-60.0,30.02,3032.9
745.84,745.95,30.0,9,8.66,9.7,52.6,14.5,-62.0,29.99,3012.0
746.35,745.95,30.0,9,8.35,9.7,52.6,14.5,-62.0,29.99,2992.0
746.85,746.97,30.0,9,8.35,9.0,54.0,14.5,-60.0,30.02,2982.2
747.35,746.97,30.0,9,8.35,9.0,54.0,14.5,-60.0,30.02,2981.9
747.85,747.98,30.0,9,8.35,9.9,53.6,14.5,-60.0,30.03,3007.0
748.35,747.98,30.0,9,9.38,9.9,53.6,14.5,-60.0,30.03,3009.5
748.85,749.0,30.0,9,9.38,9.2,54.0,14.5,-61.0,30.03,3044.6
749.35,749.0,30.0,9,9.38,9.2,54.0,14.5,-61.0,30.03,3002.9
749.86,750.01,30.0,9,9.38,7.4,54.0,14.5,-61.0,29.96,3033.8
750.37,750.01,30.0,9,10.04,7.4,54.0,14.5,-61.0,29.96,3018.7
750.86,751.03,30.0,9,10.04,8.9,53.1,14.5,-62.0,29.98,2970.9
751.37,751.03,30.0,9,10.04,8.9,53.1,14.5,-62.0,29.98,2987.8
751.86,752.04,30.0,9,10.04,8.1,52.1,14.5,-62.0,30.04,2951.6
752.37,752.04,30.0,9,8.89,8.1,52.1,14.5,-62.0,30.04,2991.6
752.87,753.05,30.0,9,8.89,9.0,53.6,14.5,-61.0,30.02,3003.5
753.37,753.05,30.0,9,8.89,9.0,53.6,14.5,-61.0,30.02,3010.7
753.88,754.07,30.0,9,8.89,8.7,52.1,14.5,-63.0,30.06,3009.2
754.38,754.07,30.0,9,7.22,8.7,52.1,14.5,-63.0,30.06,2996.8
754.89,755.08,30.0,9,7.22,9.9,53.1,14.5,-60.0,29.98,3029.8
755.39,755.08,30.0,9,7.22,9.9,53.1,14.5,-60.0,29.98,3025.7
755.88,756.1,30.0,9,7.22,9.2,53.6,14.5,-63.0,30.01,3042.1
756.38,756.1,30.0,9,5.42,9.2,53.6,14.5,-63.0,30.01,2983.7
756.89,757.11,30.0,9,5.42,6.9,53.1,14.5,-60.0,30.04,3015.5
757.4,757.11,30.0,9,5.42,6.9,53.1,14.5,-60.0,30.04,3004.3
757.9,758.12,30.0,9,5.42,8.7,53.6,14.5,-62.0,29.94,2986.7
758.41,758.12,30.0,9,18.17,8.7,53.6,14.5,-62.0,29.94,2981.9
758.9,759.15,30.0,9,18.17,9.4,54.0,14.5,-61.0,30.0,3008.7
759.4,759.15,30.0,9,18.17,9.4,54.0,14.5,-61.0,30.0,2992.3
759.9,760.16,30.0,9,18.17,9.5,53.1,14.5,-62.0,30.01,3037.9
760.4,760.16,30.0,9,5.07,9.5,53.1,14.5,-62.0,30.01,2999.5
760.9,761.17,30.0,9,5.07,9.2,52.6,14.5,-62.0,29.88,2994.0
761.41,761.17,30.0,9,5.07,9.2,52.6,14.5,-62.0,29.88,2986.4
761.92,762.19,30.0,9,5.07,9.0,53.1,14.5,-61.0,30.06,3014.3
762.42,762.19,30.0,9,10.52,9.0,53.1,14.5,-61.0,30.06,3004.0
762.92,763.2,30.0,9,10.52,9.7,52.6,14.5,-61.0,30.02,3033.1
763.42,763.2,30.0,9,10.52,9.7,52.6,14.5,-61.0,30.02,3010.3
763.92,764.21,30.0,9,10.52,7.6,52.6,14.5,-62.0,30.02,3013.0
764.42,764.21,30.0,9,14.88,7.6,52.6,14.5,-62.0,30.02,3008.4
764.92,765.22,29.5,10,14.88,8.5,53.6,14.5,-62.0,29.94,2762.3
765.43,765.22,29.5,10,14.88,8.5,53.6,14.5,-62.0,29.94,2756.5
765.94,766.24,29.5,10,14.88,7.6,52.6,14.5,-62.0,30.02,2757.7
766.44,766.24,29.5,10,6.82,7.6,52.6,14.5,-62.0,30.02,2750.8
766.94,767.25,30.0,10,6.82,9.2,52.6,14.6,-61.0,30.03,3007.8
767.44,767.25,30.0,10,6.82,9.2,52.6,14.6,-61.0,30.03,3000.9
767.94,768.26,30.0,10,6.82,9.0,53.1,14.6,-62.0,30.02,3004.0
768.46,768.26,30.0,10,5.97,9.0,53.1,14.6,-62.0,30.02,3001.0
768.94,769.27,30.0,10,5.97,9.0,52.6,14.6,-61.0,29.99,2988.4
769.45,769.27,30.0,10,5.97,9.0,52.6,14.6,-61.0,29.99,2993.2
769.96,770.28,30.0,10,5.97,9.0,51.6,14.5,-60.0,30.02,3022.7
770.46,770.28,30.0,10,7.1,9.0,51.6,14.5,-60.0,30.02,3017.0
770.96,771.3,30.0,10,7.1,8.5,52.6,14.5,-62.0,30.01,3009.0
771.46,771.3,30.0,10,7.1,8.5,52.6,14.5,-62.0,30.01,3011.0
771.95,772.31,30.0,10,7.1,7.3,52.6,14.5,-60.0,30.01,3013.9
772.46,772.31,30.0,10,8.74,7.3,52.6,14.5,-60.0,30.01,2988.1
772.96,773.32,30.0,10,8.74,7.4,52.6,14.5,-61.0,30.01,3017.0
773.47,773.32,30.0,10,8.74,7.4,52.6,14.5,-61.0,30.01,3012.5
773.97,774.33,30.0,10,8.74,8.6,54.0,14.5,-60.0,30.06,3011.0
774.47,774.33,30.0,10,6.98,8.6,54.0,14.5,-60.0,30.06,3016.8
774.97,775.34,30.0,10,6.98,9.6,52.6,14.5,-60.0,29.98,3012.7
775.47,775.34,30.0,10,6.98,9.6,52.6,14.5,-60.0,29.98,3021.7
775.97,776.36,30.0,10,6.98,9.2,52.6,14.6,-61.0,30.03,3001.6
776.47,776.36,30.0,10,8.4,9.2,52.6,14.6,-61.0,30.03,3000.6
776.98,777.37,30.0,10,8.4,8.3,53.1,14.5,-61.0,30.03,3002.6
777.48,777.37,30.0,10,8.4,8.3,53.1,14.5,-61.0,30.03,3019.7
777.99,778.38,30.0,10,8.4,8.4,53.1,14.5,-62.0,30.02,2990.6
778.5,778.38,30.0,10,10.84,8.4,53.1,14.5,-62.0,30.02,2971.9
779.0,779.4,30.0,10,10.84,7.6,53.1,14.5,-60.0,29.97,2991.2
779.49,779.4,30.0,10,10.84,7.6,53.1,14.5,-60.0,29.97,2985.1
779.99,780.41,30.0,10,10.84,7.1,52.1,14.5,-63.0,29.98,2995.0
780.49,780.41,30.0,10,5.75,7.1,52.1,14.5,-63.0,29.98,2987.7
781.0,781.42,30.0,10,5.75,8.2,53.1,14.5,-61.0,30.06,3007.8
781.5,781.42,30.0,10,5.75,8.2,53.1,14.5,-61.0,30.06,3006.2
782.06,782.44,30.0,10,5.75,9.1,53.6,14.5,-62.0,30.04,3005.0
782.51,782.44,30.0,10,10.39,9.1,53.6,14.5,-62.0,30.04,3009.8
783.02,783.45,30.0,10,10.39,9.2,53.6,14.5,-60.0,30.01,2995.6
