frames_per_block,nominal_loss_pct,uplink_loss_pct,blocks,block_bytes,datagrams_per_block,arrived_on_the_air,fetched_again_from_the_card,requests_for_blocks,refused,heard_live_pct,completed,verified,identical_to_the_source,seconds_until_stored,clip_s
8,0.0,0.0,192,6764,7,192,0,0,0,100.0,True,True,True,37.4,37.51183673469388
8,1.0,1.022,192,6764,7,173,19,1,0,89.97,True,True,True,37.4,37.51183673469388
8,2.0,2.191,192,6764,7,162,30,2,0,84.68,True,True,True,43.65,37.51183673469388
8,5.0,4.559,192,6764,7,142,50,1,0,74.37,True,True,True,37.97,37.51183673469388
8,10.0,10.564,192,6764,7,96,96,1,0,50.42,True,True,True,38.65,37.51183673469388
8,20.0,19.953,192,6764,7,43,149,2,0,22.28,True,True,True,46.05,37.51183673469388
1,0.0,0.0,1472,1100,1,1472,0,0,0,100.0,True,True,True,37.49,37.51183673469388
1,1.0,1.02,1472,1100,1,1458,14,1,0,99.03,True,True,True,37.49,37.51183673469388
1,2.0,1.763,1472,1100,1,1445,27,1,0,98.19,True,True,True,37.97,37.51183673469388
1,5.0,4.824,1472,1100,1,1395,77,1,0,94.71,True,True,True,37.97,37.51183673469388
1,10.0,11.378,1472,1100,1,1315,157,1,0,89.49,True,True,True,38.65,37.51183673469388
1,20.0,20.098,1472,1100,1,1199,273,1,0,81.48,True,True,True,39.32,37.51183673469388
