machine,clip_s,frames,source_bytes,sealed_bytes,blocks,block_bytes,added_pct,seal_ms,seal_blocks_only_ms,seal_us_per_block,open_ms,verify_without_keys_ms,seal_times_real_time,seal_mb_per_s,open_mb_per_s
Raspberry Pi 4B (UAV),1,38,15882,30621,7,3420,92.8,4.8233,1.83,261.43,3.4759,0.8226,207.3,3.3,4.6
Raspberry Pi 4B (UAV),5,191,79830,95601,26,3420,19.76,10.5744,5.15,198.08,7.9401,1.5812,472.8,7.5,10.1
Raspberry Pi 4B (UAV),15,574,239908,280281,80,3420,16.83,26.1362,14.61,182.62,20.6602,3.7773,573.9,9.2,11.6
Raspberry Pi 4B (UAV),60,2297,960052,1046361,304,3420,8.99,88.9908,53.97,177.53,72.2372,14.2581,674.2,10.8,13.3
Raspberry Pi 4B (UAV),300,11484,4799843,5040921,1472,3420,5.02,421.2899,259.32,176.17,342.0595,65.9149,712.1,11.4,14.0
Raspberry Pi 4B (UAV),900,34453,14399947,14890521,4352,3420,3.41,1246.035,766.31,176.08,1013.2361,164.8231,722.3,11.6,14.2
Laptop (ground station),1,38,15882,30621,7,3420,92.8,1.2269,0.42,60.0,0.7683,0.1713,815.1,12.9,20.7
Laptop (ground station),5,191,79830,95601,26,3420,19.76,2.6003,0.99,38.08,1.4912,0.2968,1922.9,30.7,53.5
Laptop (ground station),15,574,239908,280281,80,3420,16.83,6.3482,2.7,33.75,3.983,0.6152,2362.9,37.8,60.2
Laptop (ground station),60,2297,960052,1046361,304,3420,8.99,19.644,9.17,30.16,12.5849,2.6924,3054.4,48.9,76.3
Laptop (ground station),300,11484,4799843,5040921,1472,3420,5.02,95.4824,45.19,30.7,58.8812,11.3045,3141.9,50.3,81.5
Laptop (ground station),900,34453,14399947,14890521,4352,3420,3.41,290.2904,140.85,32.36,171.133,28.635,3100.3,49.6,84.1
