study,variant,loss_pct,n,completed_pct_or_frames_complete_pct,within_1s_pct_or_decoder_pct,p5_ms,median_ms,p95_ms,mean_transmissions_or_keyframe_requests
combining,Fragments of repeats combine (as implemented),1.0,1200,100.0,89.67,20.27,23.61,1220.45,1.11
combining,Fragments of repeats combine (as implemented),2.0,1200,100.0,79.58,20.47,24.05,1224.39,1.24
combining,Fragments of repeats combine (as implemented),5.0,1200,99.92,54.08,20.5,28.43,2420.97,1.63
combining,Fragments of repeats combine (as implemented),10.0,1200,98.83,29.5,21.34,1222.19,3620.37,2.29
combining,Fragments of repeats combine (as implemented),20.0,1200,83.42,6.67,24.17,2421.24,4819.84,3.53
combining,Every repeat on its own,1.0,1200,100.0,89.42,20.27,23.54,1222.2,1.12
combining,Every repeat on its own,2.0,1200,100.0,79.42,20.5,23.94,1229.67,1.27
combining,Every repeat on its own,5.0,1200,98.25,51.67,20.79,29.51,3622.43,1.85
combining,Every repeat on its own,10.0,1200,81.33,28.92,21.22,1223.77,4821.55,2.9
combining,Every repeat on its own,20.0,1200,29.25,7.42,21.71,2420.17,4823.32,4.36
fragment size,400 B,1.0,1200,100.0,73.25,24.05,27.16,1228.93,1.31
fragment size,400 B,2.0,1200,100.0,51.92,24.13,30.23,2421.6,1.64
fragment size,400 B,5.0,1200,99.33,20.5,25.08,1228.7,3623.21,2.5
fragment size,400 B,10.0,1200,90.58,3.58,1220.92,3615.32,4821.06,3.58
fragment size,400 B,20.0,1200,41.33,0.08,2421.77,4816.0,4824.15,4.75
fragment size,600 B,1.0,1200,100.0,80.17,22.45,25.33,1224.58,1.22
fragment size,600 B,2.0,1200,100.0,63.33,22.54,26.39,2419.32,1.47
fragment size,600 B,5.0,1200,99.83,31.67,23.39,1222.7,3619.11,2.12
fragment size,600 B,10.0,1200,95.25,9.17,24.62,2420.18,4818.62,3.08
fragment size,600 B,20.0,1200,57.58,0.5,1223.42,3619.81,4822.44,4.4
fragment size,1180 B,1.0,1200,100.0,89.67,20.27,23.61,1220.45,1.11
fragment size,1180 B,2.0,1200,100.0,79.58,20.47,24.05,1224.39,1.24
fragment size,1180 B,5.0,1200,99.92,54.08,20.5,28.43,2420.97,1.63
fragment size,1180 B,10.0,1200,98.83,29.5,21.34,1222.19,3620.37,2.29
fragment size,1180 B,20.0,1200,83.42,6.67,24.17,2421.24,4819.84,3.53
fragment size,1400 B,1.0,1200,100.0,92.08,19.75,23.12,1220.11,1.09
fragment size,1400 B,2.0,1200,100.0,82.75,19.79,23.57,1223.08,1.21
fragment size,1400 B,5.0,1200,100.0,58.83,20.03,26.57,2419.4,1.54
fragment size,1400 B,10.0,1200,99.33,33.92,20.6,1220.32,3618.28,2.09
fragment size,1400 B,20.0,1200,88.5,9.83,22.15,2419.32,4819.54,3.29
repeat timer,"Full handshake, fixed timers (as implemented)",1.0,600,100.0,90.83,20.21,23.35,1219.87,1.1
repeat timer,"Full handshake, fixed timers (as implemented)",2.0,600,100.0,78.5,20.14,23.98,1227.92,1.26
repeat timer,"Full handshake, fixed timers (as implemented)",5.0,600,99.83,53.5,20.72,28.01,2420.34,1.62
repeat timer,"Full handshake, fixed timers (as implemented)",10.0,600,98.67,29.67,21.33,1221.84,3620.94,2.25
repeat timer,"Full handshake, fixed timers (as implemented)",20.0,600,81.5,6.5,23.39,2424.31,4819.83,3.63
repeat timer,"Cached rekey, fixed timers (as implemented)",1.0,600,100.0,100.0,7.5,9.03,15.47,1.02
repeat timer,"Cached rekey, fixed timers (as implemented)",2.0,600,100.0,100.0,7.42,9.02,17.48,1.04
repeat timer,"Cached rekey, fixed timers (as implemented)",5.0,600,99.67,98.5,7.45,9.24,708.86,1.13
repeat timer,"Cached rekey, fixed timers (as implemented)",10.0,600,99.67,96.83,7.21,9.13,710.09,1.18
repeat timer,"Cached rekey, fixed timers (as implemented)",20.0,600,94.33,87.0,7.57,10.11,1408.37,1.5
repeat timer,"PQ ratchet, fixed timers (as implemented)",1.0,600,100.0,100.0,14.05,16.52,369.63,1.06
repeat timer,"PQ ratchet, fixed timers (as implemented)",2.0,600,100.0,100.0,14.01,16.48,411.32,1.09
repeat timer,"PQ ratchet, fixed timers (as implemented)",5.0,600,100.0,99.33,14.03,16.92,722.8,1.28
repeat timer,"PQ ratchet, fixed timers (as implemented)",10.0,600,99.0,92.67,14.02,19.14,1078.45,1.69
repeat timer,"PQ ratchet, fixed timers (as implemented)",20.0,600,85.83,68.33,14.57,413.5,1459.21,2.66
repeat timer,"Full handshake, three round trips, at most the fixed timer (design study)",1.0,600,100.0,100.0,20.2,23.5,61.36,1.11
repeat timer,"Full handshake, three round trips, at most the fixed timer (design study)",2.0,600,100.0,100.0,20.17,23.91,75.48,1.27
repeat timer,"Full handshake, three round trips, at most the fixed timer (design study)",5.0,600,99.83,99.17,20.77,28.28,112.21,1.65
repeat timer,"Full handshake, three round trips, at most the fixed timer (design study)",10.0,600,98.83,98.0,21.38,59.47,160.0,2.25
repeat timer,"Full handshake, three round trips, at most the fixed timer (design study)",20.0,600,82.17,79.17,23.36,106.05,207.65,3.6
repeat timer,"Cached rekey, three round trips, at most the fixed timer (design study)",1.0,600,100.0,100.0,7.5,9.04,15.36,1.02
repeat timer,"Cached rekey, three round trips, at most the fixed timer (design study)",2.0,600,100.0,100.0,7.38,9.0,17.93,1.04
repeat timer,"Cached rekey, three round trips, at most the fixed timer (design study)",5.0,600,99.67,99.67,7.47,9.24,55.32,1.13
repeat timer,"Cached rekey, three round trips, at most the fixed timer (design study)",10.0,600,99.67,99.67,7.23,9.14,58.81,1.18
repeat timer,"Cached rekey, three round trips, at most the fixed timer (design study)",20.0,600,94.17,94.17,7.56,10.27,78.76,1.5
repeat timer,"PQ ratchet, three round trips, at most the fixed timer (design study)",1.0,600,100.0,100.0,14.05,16.56,71.73,1.06
repeat timer,"PQ ratchet, three round trips, at most the fixed timer (design study)",2.0,600,100.0,100.0,14.0,16.4,91.32,1.09
repeat timer,"PQ ratchet, three round trips, at most the fixed timer (design study)",5.0,600,100.0,100.0,14.03,16.92,134.22,1.27
repeat timer,"PQ ratchet, three round trips, at most the fixed timer (design study)",10.0,600,99.17,99.17,14.05,19.38,166.52,1.7
repeat timer,"PQ ratchet, three round trips, at most the fixed timer (design study)",20.0,600,85.67,85.5,14.54,89.44,204.31,2.65
video,"parity 0, keyframe request 0",0.45,5,95.12,45.49,,,,0.0
video,"parity 0, keyframe request 0",1.0,5,89.29,18.49,,,,0.0
video,"parity 0, keyframe request 0",2.0,5,79.7,6.16,,,,0.0
video,"parity 0, keyframe request 0",5.0,5,58.04,0.46,,,,0.0
video,"parity 0, keyframe request 0",10.0,5,34.33,0.03,,,,0.0
video,"parity 0, keyframe request 0",20.0,5,12.24,0.0,,,,0.0
video,"parity 0, keyframe request 1",0.45,5,94.17,74.11,,,,172.4
video,"parity 0, keyframe request 1",1.0,5,86.5,46.36,,,,306.6
video,"parity 0, keyframe request 1",2.0,5,74.63,20.35,,,,404.6
video,"parity 0, keyframe request 1",5.0,5,52.04,2.29,,,,431.2
video,"parity 0, keyframe request 1",10.0,5,30.63,0.07,,,,412.6
video,"parity 0, keyframe request 1",20.0,5,11.15,0.0,,,,350.6
video,"parity 1, keyframe request 0",0.45,5,99.77,95.43,,,,0.0
video,"parity 1, keyframe request 0",1.0,5,98.93,81.2,,,,0.0
video,"parity 1, keyframe request 0",2.0,5,96.79,53.36,,,,0.0
video,"parity 1, keyframe request 0",5.0,5,86.62,6.87,,,,0.0
video,"parity 1, keyframe request 0",10.0,5,67.02,0.26,,,,0.0
video,"parity 1, keyframe request 0",20.0,5,32.56,0.0,,,,0.0
video,"parity 1, keyframe request 1",0.45,5,99.74,98.67,,,,9.6
video,"parity 1, keyframe request 1",1.0,5,99.03,95.04,,,,34.0
video,"parity 1, keyframe request 1",2.0,5,96.04,79.87,,,,125.6
video,"parity 1, keyframe request 1",5.0,5,79.91,19.71,,,,380.6
video,"parity 1, keyframe request 1",10.0,5,59.18,0.78,,,,410.8
video,"parity 1, keyframe request 1",20.0,5,29.07,0.0,,,,358.2
video,"parity 2, keyframe request 0",0.45,5,99.98,99.63,,,,0.0
video,"parity 2, keyframe request 0",1.0,5,99.92,98.3,,,,0.0
video,"parity 2, keyframe request 0",2.0,5,99.49,88.51,,,,0.0
video,"parity 2, keyframe request 0",5.0,5,95.66,30.22,,,,0.0
video,"parity 2, keyframe request 0",10.0,5,84.69,1.83,,,,0.0
video,"parity 2, keyframe request 0",20.0,5,53.56,0.0,,,,0.0
video,"parity 2, keyframe request 1",0.45,5,99.98,99.92,,,,0.6
video,"parity 2, keyframe request 1",1.0,5,99.91,99.53,,,,3.4
video,"parity 2, keyframe request 1",2.0,5,99.4,96.74,,,,21.6
video,"parity 2, keyframe request 1",5.0,5,92.95,62.12,,,,199.8
video,"parity 2, keyframe request 1",10.0,5,76.18,6.33,,,,396.6
video,"parity 2, keyframe request 1",20.0,5,48.01,0.03,,,,358.2
video,"parity 3, keyframe request 0",0.45,5,100.0,100.0,,,,0.0
video,"parity 3, keyframe request 0",1.0,5,99.99,99.83,,,,0.0
video,"parity 3, keyframe request 0",2.0,5,99.93,98.41,,,,0.0
video,"parity 3, keyframe request 0",5.0,5,98.44,64.29,,,,0.0
video,"parity 3, keyframe request 0",10.0,5,92.85,11.88,,,,0.0
video,"parity 3, keyframe request 0",20.0,5,70.29,0.04,,,,0.0
video,"parity 3, keyframe request 1",0.45,5,100.0,100.0,,,,0.0
video,"parity 3, keyframe request 1",1.0,5,99.99,99.97,,,,0.4
video,"parity 3, keyframe request 1",2.0,5,99.92,99.62,,,,3.0
video,"parity 3, keyframe request 1",5.0,5,97.76,87.23,,,,76.6
video,"parity 3, keyframe request 1",10.0,5,85.58,20.69,,,,340.0
video,"parity 3, keyframe request 1",20.0,5,62.84,0.16,,,,358.0
