operation,pi_n,pi_median_us,pi_p5_us,pi_p95_us,laptop_n,laptop_median_us,laptop_p5_us,laptop_p95_us,pi_over_laptop
ML-KEM-1024 key generation,300,115.85,115.52,123.28,300,20.83,20.64,23.57,5.56
ML-KEM-1024 encapsulation,300,126.44,126.0,131.17,300,22.64,22.48,25.7,5.58
ML-KEM-1024 decapsulation,300,130.57,130.24,131.95,300,24.54,24.45,25.42,5.32
X25519 key generation,300,100.91,100.67,103.03,300,31.23,30.86,55.39,3.23
X25519 key agreement,300,260.62,260.4,267.16,300,30.98,30.77,41.16,8.41
ML-DSA-87 key generation,300,442.92,438.92,453.95,300,71.85,71.07,84.9,6.16
ML-DSA-87 signing,300,768.46,539.9,1637.54,300,126.74,87.24,291.19,6.06
ML-DSA-87 verification,300,454.51,453.79,464.57,300,79.03,78.06,99.68,5.75
HKDF-SHA256 key schedule,300,90.0,89.34,91.43,300,21.07,20.78,24.75,4.27
"Record keys, 12 streams",300,558.35,554.57,563.95,300,142.45,136.53,170.72,3.92
Epoch-key rotation,300,43.22,42.89,44.42,300,10.63,10.51,15.31,4.06
HMAC-SHA256 (Finished),300,10.0,9.82,10.21,300,2.37,2.36,2.56,4.22
