nominal_loss_pct,uplink_loss_pct,bytes,chunks,transfer_s,integrity
0.0,0.0,213364,194,0.101,PASS
0.0,0.0,211126,192,0.102,PASS
0.0,0.0,212506,194,0.107,PASS
0.5,0.548,205050,187,0.1,PASS
0.5,0.548,204314,186,0.102,PASS
0.5,0.548,203010,185,0.096,PASS
1.0,1.015,201250,183,0.095,PASS
1.0,1.015,202002,184,0.364,PASS
1.0,1.015,203088,185,0.346,PASS
2.0,2.074,205559,187,0.406,PASS
2.0,2.074,208580,190,0.403,PASS
2.0,2.074,209864,191,0.711,PASS
5.0,4.759,202921,185,0.447,PASS
5.0,4.759,203997,186,0.756,PASS
5.0,4.759,203406,185,0.413,PASS
10.0,10.37,203780,186,1.006,PASS
10.0,10.37,204850,187,0.718,PASS
10.0,10.37,206498,188,1.575,PASS
20.0,19.9,206694,188,0.692,PASS
20.0,19.9,209848,191,1.582,PASS
20.0,19.9,208348,190,1.32,PASS
