machine,step,n,median_us,p5_us,p95_us
Raspberry Pi 4B (UAV),full: UAV builds ClientHello,300,1110.82,911.54,1974.15
Raspberry Pi 4B (UAV),full: GCS answers (ServerHello),300,2200.64,1982.82,2971.04
Raspberry Pi 4B (UAV),"full: UAV verifies, derives, Finished",300,1197.55,1175.25,1273.54
Raspberry Pi 4B (UAV),full: GCS checks Finished,300,12.19,11.26,14.74
Raspberry Pi 4B (UAV),cached: UAV builds request,300,23.68,22.29,26.66
Raspberry Pi 4B (UAV),cached: GCS answers,300,176.19,173.79,191.56
Raspberry Pi 4B (UAV),"cached: UAV verifies, Finished",300,131.43,130.05,135.31
Raspberry Pi 4B (UAV),cached: GCS checks Finished,300,4.15,3.94,4.5
Raspberry Pi 4B (UAV),ratchet: UAV builds request,300,366.5,354.25,438.13
Raspberry Pi 4B (UAV),ratchet: GCS answers,300,726.64,716.14,779.77
Raspberry Pi 4B (UAV),ratchet: UAV finishes,300,561.18,556.21,604.95
Laptop (ground station),full: UAV builds ClientHello,300,220.27,174.99,393.95
Laptop (ground station),full: GCS answers (ServerHello),300,406.66,355.14,555.94
Laptop (ground station),"full: UAV verifies, derives, Finished",300,211.14,204.62,246.63
Laptop (ground station),full: GCS checks Finished,300,3.15,2.95,3.86
Laptop (ground station),cached: UAV builds request,300,6.72,6.32,8.74
Laptop (ground station),cached: GCS answers,300,47.53,46.23,63.83
Laptop (ground station),"cached: UAV verifies, Finished",300,32.76,32.01,39.38
Laptop (ground station),cached: GCS checks Finished,300,1.67,1.54,1.99
Laptop (ground station),ratchet: UAV builds request,300,84.88,81.87,110.66
Laptop (ground station),ratchet: GCS answers,300,150.2,146.42,192.32
Laptop (ground station),ratchet: UAV finishes,300,101.82,99.56,128.89
