scenario_id,desc,swarm_size,mean_ms,p50_ms,p95_ms,p99_ms,std_ms
a1_no_ecdh,Remove X25519 (Pure ML-KEM only),10,2.5766623501041828,2.575271461545917,2.6986973612988616,2.73946223052569,0.07000135311225238
a1_no_ecdh,Remove X25519 (Pure ML-KEM only),20,2.6131782684840927,2.6021669170651385,2.7595442960903855,2.8455502555215126,0.10521587216709564
a1_no_ecdh,Remove X25519 (Pure ML-KEM only),30,2.664176845560004,2.641285723292934,2.8838965246376276,3.2161335169114347,0.1455889866234221
a1_no_ecdh,Remove X25519 (Pure ML-KEM only),40,2.702820075997568,2.6603413633418933,3.026965626297459,3.6210597518414427,0.19421594854107216
a1_no_ecdh,Remove X25519 (Pure ML-KEM only),50,2.827230730600271,2.7499528549069514,3.3434675945016026,3.9123176708530414,0.30201189320322647
a1_no_ecdh,Remove X25519 (Pure ML-KEM only),60,2.936200418293708,2.831777944998789,3.750881142468621,4.413482490105505,0.41121743604403255
a1_no_ecdh,Remove X25519 (Pure ML-KEM only),70,3.24117374932065,3.0268319297419897,4.471849710164088,5.4416604336343095,0.6596897553766626
a1_no_ecdh,Remove X25519 (Pure ML-KEM only),80,3.9984223745044454,3.597261420290785,6.895700242044996,8.140685552993798,1.3305558133010533
a1_no_ecdh,Remove X25519 (Pure ML-KEM only),90,7.281461650484609,5.755465667779579,17.03600700078456,21.64611859013348,4.6156955754309035
a1_no_ecdh,Remove X25519 (Pure ML-KEM only),100,6.962364641023116,5.57614476624452,15.83173328694964,21.893465244503933,4.338666567355833
a2_no_kyber,Remove ML-KEM (Classical ECDH only),10,0.7700878140329146,0.7607652457093921,0.828100420420635,0.8877910236681269,0.1087500143816355
a2_no_kyber,Remove ML-KEM (Classical ECDH only),20,0.8050277169767546,0.7843467341093071,0.925975978600536,1.1072189980210405,0.11456010102997576
a2_no_kyber,Remove ML-KEM (Classical ECDH only),30,0.8451256000789759,0.8121605191703187,1.0638547725578145,1.165848440888163,0.1352440585447401
a2_no_kyber,Remove ML-KEM (Classical ECDH only),40,0.906649690834114,0.8570696878314722,1.2057359907026606,1.6092653411102433,0.20424682732119548
a2_no_kyber,Remove ML-KEM (Classical ECDH only),50,0.9922192055279883,0.9059257453574187,1.482407618251895,1.9930279781366724,0.27781299274255594
a2_no_kyber,Remove ML-KEM (Classical ECDH only),60,1.1778170686330443,1.0711374279191697,1.9710360353950578,2.5562458550131897,0.3999743496867233
a2_no_kyber,Remove ML-KEM (Classical ECDH only),70,1.4109719819406488,1.217040623692367,2.658196810335122,4.047921884763671,0.6776913834135224
a2_no_kyber,Remove ML-KEM (Classical ECDH only),80,2.2697312458356764,1.7841550149466663,5.321743585278837,9.02907154694072,1.6439201002517905
a2_no_kyber,Remove ML-KEM (Classical ECDH only),90,5.794548194637227,4.358884378067928,15.761083393994792,24.324653628851333,4.977468557614196
a2_no_kyber,Remove ML-KEM (Classical ECDH only),100,5.759189661749275,4.250079786560816,14.444423449516076,23.126149226725083,5.074360335480442
a3_no_hkdf,Remove HKDF (Direct key concatenation),10,2.5646247465563836,2.5602337141252316,2.691778737469752,2.7299758537071788,0.08209230904435916
a3_no_hkdf,Remove HKDF (Direct key concatenation),20,2.6027759631958984,2.58934638395296,2.7525281647703466,2.8423029422476316,0.12697985801771666
a3_no_hkdf,Remove HKDF (Direct key concatenation),30,2.6468832021661064,2.6218132015834286,2.8851582899961983,3.0846269816632224,0.1425482900802539
a3_no_hkdf,Remove HKDF (Direct key concatenation),40,2.718116036463387,2.6612870361653163,3.1170017308870137,3.5992797503043366,0.276684018918887
a3_no_hkdf,Remove HKDF (Direct key concatenation),50,2.7986877043114085,2.712647950697973,3.4187855299169665,3.9913791020310376,0.31127236541386794
a3_no_hkdf,Remove HKDF (Direct key concatenation),60,2.9902788271465264,2.8426929156181737,3.8333592577208138,4.512263619143749,0.45053110293009846
a3_no_hkdf,Remove HKDF (Direct key concatenation),70,3.218020575666558,3.0073857100039265,4.684854397146067,5.756606024110641,0.6743143831717627
a3_no_hkdf,Remove HKDF (Direct key concatenation),80,4.198295871892027,3.659313201695741,7.974149943383333,10.675155143469544,1.7757010437337366
a3_no_hkdf,Remove HKDF (Direct key concatenation),90,7.438978250476328,6.173262500732374,15.940410232183062,21.147193011117356,4.383837877979547
a3_no_hkdf,Remove HKDF (Direct key concatenation),100,7.225555328903247,5.9601001929932345,15.202848276312965,20.238634663010888,4.326819713874694
a4_no_aes_setup,Remove AES-256-GCM key schedule,10,2.5815937129495587,2.5733627886112247,2.7062749344618866,2.8226903723167425,0.11095480147830686
a4_no_aes_setup,Remove AES-256-GCM key schedule,20,2.623090803944886,2.605097419734164,2.782068852468894,2.939843137874828,0.1276415750045287
a4_no_aes_setup,Remove AES-256-GCM key schedule,30,2.663777428175795,2.639570758617459,2.8874953470182283,3.1630701662438874,0.14004989779250096
a4_no_aes_setup,Remove AES-256-GCM key schedule,40,2.7137702821258536,2.6740325419818642,3.0505083399904707,3.3027764539845212,0.20235457293580428
a4_no_aes_setup,Remove AES-256-GCM key schedule,50,2.8127669749812667,2.7310113058010934,3.4077677729065723,3.800516852139233,0.2901263726345435
a4_no_aes_setup,Remove AES-256-GCM key schedule,60,2.9695858349557667,2.8476979469656216,3.7800413746208172,4.7689720915956855,0.4556778320677814
a4_no_aes_setup,Remove AES-256-GCM key schedule,70,3.2711079657094513,3.0625557695678745,4.576366767099983,5.573648599114366,0.7373700787976433
a4_no_aes_setup,Remove AES-256-GCM key schedule,80,4.089479772294656,3.6291612984724666,7.29677411459031,9.33475681239678,1.4912834789466196
a4_no_aes_setup,Remove AES-256-GCM key schedule,90,7.5140960856813805,6.0358477231651655,16.681062321689936,27.089288872650293,5.276933014841918
a4_no_aes_setup,Remove AES-256-GCM key schedule,100,7.4635916018618795,5.955174122558441,17.843417859637498,21.751508637434874,4.634424238995336
a5_double_rrc,Double RRC overhead (240B stress test),10,2.618993430064722,2.608836638960384,2.740461236215381,2.8030423731998386,0.12247515469170173
a5_double_rrc,Double RRC overhead (240B stress test),20,2.646627666137284,2.6311482579158323,2.787759163962242,2.9213283951431945,0.12017521310955255
a5_double_rrc,Double RRC overhead (240B stress test),30,2.695890799972959,2.66277955754023,2.958233621736689,3.137142371649823,0.14816487984033974
a5_double_rrc,Double RRC overhead (240B stress test),40,2.7613124800132023,2.7170566926093445,3.0644847702780194,3.587813291971893,0.20765968769010337
a5_double_rrc,Double RRC overhead (240B stress test),50,2.8289449090333982,2.755568791954485,3.33479374106462,3.803044858392364,0.2648692148521833
a5_double_rrc,Double RRC overhead (240B stress test),60,2.990011042578891,2.855421607915482,3.8069002550250457,4.399447071922729,0.41869563663568155
a5_double_rrc,Double RRC overhead (240B stress test),70,3.2597722778963907,3.0386702507267023,4.6749464394308795,5.861117420597794,0.7100875385683384
a5_double_rrc,Double RRC overhead (240B stress test),80,4.092108734494204,3.6567512958963038,6.962979231693205,10.056293048587952,1.476747935326895
a5_double_rrc,Double RRC overhead (240B stress test),90,7.385368723996397,5.778467977181515,16.50524665563015,24.70900554943712,4.943298278041566
a5_double_rrc,Double RRC overhead (240B stress test),100,7.272911721348203,5.650600344161068,16.792638927427145,24.108789163978116,4.70542633828425
a6_no_fragmentation,No IP fragmentation (Jumbo frames),10,1.5851857623986003,1.5830273209578372,1.6828070493645897,1.7388430307086877,0.07613427602488937
a6_no_fragmentation,No IP fragmentation (Jumbo frames),20,1.616246988077799,1.6082507879746655,1.7564839766097926,1.8169894877768538,0.07728895735727016
a6_no_fragmentation,No IP fragmentation (Jumbo frames),30,1.6652953562436597,1.637235404407258,1.8866988396019404,2.0353008098964005,0.13541839905541125
a6_no_fragmentation,No IP fragmentation (Jumbo frames),40,1.7201402837835866,1.6706982475458672,2.0225793802373615,2.3775827856358074,0.17571996724070238
a6_no_fragmentation,No IP fragmentation (Jumbo frames),50,1.8074725176737638,1.7325568776531501,2.3227433878167023,2.797722734652171,0.2687302794655695
a6_no_fragmentation,No IP fragmentation (Jumbo frames),60,1.9472456511627374,1.824141541269917,2.6719453689293307,3.7264931963254173,0.415626732699031
a6_no_fragmentation,No IP fragmentation (Jumbo frames),70,2.2615073809563317,2.061667741304861,3.679626788824303,4.722322185226235,0.6811163559714906
a6_no_fragmentation,No IP fragmentation (Jumbo frames),80,2.967836681876309,2.544213080431418,5.603551503081354,7.927015966565743,1.431767157469623
a6_no_fragmentation,No IP fragmentation (Jumbo frames),90,6.517384437454897,4.542997130329637,18.372060479835856,24.184139350766536,5.388209378969261
a6_no_fragmentation,No IP fragmentation (Jumbo frames),100,6.274794493025576,5.003646522381626,14.88263531170911,20.64903054295804,4.52571325538246
a7_high_loss,High baseline loss rate (1.0% BLER),10,2.585228681796503,2.5808163615852857,2.6903709645579057,2.7658784249042765,0.10512282302855978
a7_high_loss,High baseline loss rate (1.0% BLER),20,2.635209961610521,2.615763580741391,2.781061589263587,3.1012409370179737,0.1517081529561581
a7_high_loss,High baseline loss rate (1.0% BLER),30,2.6668531555570194,2.6398754719884017,2.889119640536086,3.2263915725334384,0.16574033671520552
a7_high_loss,High baseline loss rate (1.0% BLER),40,2.7186259602529455,2.673424743043931,3.0584935528571457,3.648330054898229,0.21955007733420465
a7_high_loss,High baseline loss rate (1.0% BLER),50,2.8379902902143423,2.755351318933148,3.332115988925804,3.8755931751184574,0.3230900852604961
a7_high_loss,High baseline loss rate (1.0% BLER),60,2.9816260345728276,2.8438806231810485,3.9114735829310536,4.579321367067329,0.4524508235893736
a7_high_loss,High baseline loss rate (1.0% BLER),70,3.2250681826064844,3.0304650452078334,4.523716120109838,5.722993409222336,0.6879929123839954
a7_high_loss,High baseline loss rate (1.0% BLER),80,4.0788529869742645,3.5419726474886684,7.390511238164848,9.158035873377585,1.5380646098904007
a7_high_loss,High baseline loss rate (1.0% BLER),90,7.508355483114643,6.180683693073954,16.463327463724447,22.53912420205419,4.530127784778759
a7_high_loss,High baseline loss rate (1.0% BLER),100,7.152083559279532,5.925009549830074,16.476876681191502,22.418608334295126,4.470767112430485
a8_sequential_crypto,Sequential Crypto (Single-Core Execution),10,2.734186169326672,2.7315753395301323,2.8658354232351524,2.9373527027121664,0.08123943644048469
a8_sequential_crypto,Sequential Crypto (Single-Core Execution),20,2.762365335551058,2.7567929435057286,2.9427770918741913,3.0216117734187544,0.09734089210533974
a8_sequential_crypto,Sequential Crypto (Single-Core Execution),30,2.8213018005955988,2.7967808845032245,3.033186772920572,3.332993514780779,0.16500753804905627
a8_sequential_crypto,Sequential Crypto (Single-Core Execution),40,2.8863178257454227,2.8324455931599433,3.206968028592492,4.03844956082078,0.34963964927402946
a8_sequential_crypto,Sequential Crypto (Single-Core Execution),50,2.98151551227986,2.8724782849059416,3.5828747037423807,4.68375455826855,0.4521194522147879
a8_sequential_crypto,Sequential Crypto (Single-Core Execution),60,3.0974810371390196,2.9826573436070944,3.8376744848330855,4.591671578475749,0.4037336018547873
a8_sequential_crypto,Sequential Crypto (Single-Core Execution),70,3.324988543226136,3.1232438969531406,4.6256197012541485,5.502665957505851,0.6485008254282042
a8_sequential_crypto,Sequential Crypto (Single-Core Execution),80,4.192352659547799,3.804014204906742,6.85070630561635,8.904864928410056,1.3871067126347845
a8_sequential_crypto,Sequential Crypto (Single-Core Execution),90,7.67261587805257,6.409137628067221,16.99590205024837,25.08105053395886,4.701936144372051
a8_sequential_crypto,Sequential Crypto (Single-Core Execution),100,7.565822333281106,5.778463462387258,17.000686605636698,23.591642240831426,4.904397954719384
baseline,Full Hybrid System (Parallel Quad-Core Pi 4),10,2.590796497613037,2.5879508393255946,2.7052324544178945,2.7660676854391535,0.07062703512000047
baseline,Full Hybrid System (Parallel Quad-Core Pi 4),20,2.616249712168573,2.610873713005776,2.773334785684627,2.8419058125916488,0.09489218267310925
baseline,Full Hybrid System (Parallel Quad-Core Pi 4),30,2.6765369009910427,2.642839883507091,2.9224621073530646,3.5671602825025674,0.2204828596916325
baseline,Full Hybrid System (Parallel Quad-Core Pi 4),40,2.7137774164327757,2.6756278790078856,3.069250117581866,3.296568597119788,0.18353343771241404
baseline,Full Hybrid System (Parallel Quad-Core Pi 4),50,2.812730287449785,2.7360755629014193,3.3626919778609614,3.9335796400500205,0.2870792612711313
baseline,Full Hybrid System (Parallel Quad-Core Pi 4),60,2.982322501525191,2.836224918700885,3.838730356715091,4.716959265409855,0.45349574328940023
baseline,Full Hybrid System (Parallel Quad-Core Pi 4),70,3.2550927437115083,3.075075673358718,4.5549271758430105,5.63952281645267,0.6723046350381764
baseline,Full Hybrid System (Parallel Quad-Core Pi 4),80,4.003064070991727,3.5183666599313037,7.113756261900117,9.763548061807924,1.5167092332906256
baseline,Full Hybrid System (Parallel Quad-Core Pi 4),90,7.626524627306969,6.229874311465274,15.775418807654107,22.295935864300464,4.810554315799018
baseline,Full Hybrid System (Parallel Quad-Core Pi 4),100,7.556949374578192,5.7502661219879005,17.190861642700874,26.512064272360973,5.253468765072179
